0	U16	11/11/2019 9:00:00 AM		N430-0 N366-0 N350-0 N333-1 N107-0 N166-0
1	U86	11/11/2019 9:00:00 AM	N397 N31 N141 N65	N246-0 N113-0 N93-0 N70-0 N327-0 N484-0 N398-0 N24-1 N399-0 N134-0 N458-0 N300-0 N365-0 N453-0
2	U96	11/11/2019 9:00:00 AM	N235 N481 N401 N396	N10-0 N228-0 N329-0 N153-0 N480-0 N497-1 N361-0 N84-0
3	U8	11/11/2019 9:00:00 AM	N463 N377 N125 N244 N48 N235 N236 N459	N347-0 N94-0 N91-0 N481-0 N168-0 N33-0 N447-1 N368-0 N400-0 N255-0 N315-0 N388-0 N97-0 N373-1
4	U30	11/11/2019 9:00:00 AM	N363 N18 N263 N75 N360 N302 N215 N488	N0-0 N92-0 N365-0 N166-0 N474-0 N352-0 N73-0 N339-0 N204-0
5	U73	11/11/2019 9:00:00 AM	N373	N314-0 N461-0 N136-0 N328-0 N393-0 N176-0 N100-0 N483-0 N232-0 N108-0 N436-1 N41-0
6	U16	11/11/2019 9:00:00 AM	N355 N25 N174 N395 N334	N477-0 N156-0 N480-0 N371-0 N47-0 N429-0 N211-1 N258-0
7	U82	11/11/2019 9:00:00 AM	N53 N368 N407 N105 N337 N334 N308 N363 N223 N89 N40 N213 N75 N112 N87 N181	N279-0 N264-0 N457-0 N289-0 N347-0 N350-0 N135-0 N198-0 N427-0 N276-0 N148-0 N164-0 N379-0 N463-0
8	U3	11/11/2019 9:00:00 AM	N385 N121 N420 N272 N442 N487 N220 N264 N455 N371 N463 N351 N143 N119 N232 N160 N183	N294-0 N214-0 N244-0 N78-0 N218-0 N310-0 N312-0 N56-0 N295-0
9	U52	11/11/2019 9:00:00 AM	N258 N79 N108 N207 N103 N300 N291	N368-0 N307-0 N482-0 N42-0 N389-0 N454-1 N44-0
10	U7	11/11/2019 9:00:00 AM	N259 N407 N450 N30 N243 N372 N384 N180 N323	N86-0 N363-0 N383-0 N15-0 N163-0 N125-1
11	U19	11/11/2019 9:00:00 AM	N229 N162 N114 N291 N413 N116 N399 N475 N78 N484 N434	N75-0 N292-0 N178-0 N364-0 N48-0 N418-0 N385-0 N422-0 N435-0 N387-0 N246-0 N35-0 N486-0
12	U55	11/11/2019 9:00:00 AM	N290 N365 N332 N376 N403 N480 N23 N170 N136 N84 N1 N389 N73 N10 N296 N166	N484-0 N246-0 N450-0 N203-0 N403-0 N364-0 N354-0 N151-0 N242-0 N82-1 N417-0 N466-0 N104-0 N270-0
13	U15	11/11/2019 9:00:00 AM	N196 N50	N85-0 N90-0 N474-0 N420-0 N341-0 N494-0
14	U58	11/11/2019 9:00:00 AM	N327 N419 N461 N283 N39 N150 N482 N493 N92 N13 N70 N377 N64 N106 N67	N442-1 N298-0 N348-0 N297-0 N236-0 N350-0 N174-0 N306-0 N229-0
15	U41	11/11/2019 9:00:00 AM	N257 N230 N242 N306	N286-0 N177-0 N105-1 N33-0 N149-0
16	U11	11/11/2019 9:00:00 AM	N219 N159 N360 N238	N39-0 N483-1 N458-0 N304-0 N24-0 N202-0
17	U19	11/11/2019 9:00:00 AM	N144 N259 N134 N80 N30 N344 N418 N190 N248 N38 N448	N261-0 N262-0 N272-0 N475-0 N128-0
18	U7	11/11/2019 9:00:00 AM	N77 N341 N227 N233 N168 N364 N37 N134 N367 N228 N357 N117 N288 N82 N14 N80	N389-0 N429-0 N409-0 N169-0 N5-0 N492-0 N302-0
19	U44	11/11/2019 9:00:00 AM	N333 N357 N413 N484 N286 N170	N16-0 N426-1 N33-0 N100-0 N7-0 N229-0 N386-0 N302-0
20	U84	11/11/2019 9:00:00 AM	N168 N286 N372 N233 N228 N384 N227 N350 N484 N402 N320 N397 N313 N223 N173 N382 N100	N95-0 N462-0 N491-0 N67-0 N205-0 N124-0 N207-0 N53-0 N168-1 N204-0 N14-0 N195-0 N440-0 N251-0
21	U10	11/11/2019 9:00:00 AM	N373 N30 N202 N94 N172 N89 N492	N154-0 N401-0 N245-0 N240-0 N202-1 N414-0 N23-0 N454-0 N489-0 N219-0 N37-0 N209-0
22	U76	11/11/2019 9:00:00 AM	N198 N446 N138 N193 N280 N218	N356-0 N275-0 N402-0 N295-0 N216-0 N393-1 N101-0
23	U88	11/11/2019 9:00:00 AM	N433 N215	N284-0 N306-0 N386-0 N253-0 N289-0 N157-0 N310-0 N38-0 N41-0 N480-0
24	U18	11/11/2019 9:00:00 AM	N15 N96 N477 N295 N303 N33 N383 N109 N389 N200 N438 N182 N85 N294 N273 N360 N25 N422	N442-0 N499-0 N472-0 N24-0 N50-0 N481-0 N261-0
25	U60	11/11/2019 9:00:00 AM	N61 N19 N244 N194	N376-0 N455-0 N123-0 N56-0 N344-0 N232-0 N97-0 N41-0
26	U60	11/11/2019 9:00:00 AM	N294 N488 N171 N217 N263 N346 N97 N70 N280 N248 N96	N253-0 N63-0 N38-0 N423-0 N457-0 N182-1 N436-0
27	U96	11/11/2019 9:00:00 AM	N487 N202 N125 N351 N385	N33-0 N256-0 N106-0 N376-0 N362-0 N324-0 N413-0 N423-1
28	U90	11/11/2019 9:00:00 AM	N139	N365-0 N104-0 N187-0 N138-0 N166-0 N25-0 N153-0 N322-0 N106-0 N221-0 N329-0 N2-0 N209-0
29	U45	11/11/2019 9:00:00 AM	N358 N296 N71 N279 N495	N301-0 N353-1 N303-0 N458-0 N5-0
30	U5	11/11/2019 9:00:00 AM	N464 N37 N16 N357 N120 N168 N459 N61 N220 N243 N216	N181-0 N87-0 N360-0 N431-0 N427-0 N366-0 N438-0 N45-0 N32-0 N305-0 N304-0 N231-0
31	U82	11/11/2019 9:00:00 AM	N153 N71 N89 N311 N431 N308 N411 N124 N305	N286-0 N312-0 N334-0 N371-0 N497-0 N132-0 N110-0 N192-1 N238-0 N311-0
32	U3	11/11/2019 9:00:00 AM	N472 N463 N367 N68 N111 N164 N309 N220 N245 N262 N276 N232 N461 N302 N236 N433 N487	N434-0 N65-0 N74-0 N141-0 N388-0 N87-0 N351-0 N133-0
33	U66	11/11/2019 9:00:00 AM	N278 N269 N82 N66 N323 N93 N430 N496 N182 N273	N11-0 N111-0 N305-0 N385-0 N219-1 N194-0 N16-0 N446-0
34	U74	11/11/2019 9:00:00 AM	N340 N424 N297 N241 N139 N289 N152 N423 N225 N114 N339	N211-0 N482-0 N170-0 N321-0 N47-0 N21-0 N346-0 N219-0 N31-0
35	U23	11/11/2019 9:00:00 AM		N192-1 N189-0 N382-0 N377-0 N34-0 N352-0 N275-0 N108-0 N284-0 N458-1
36	U48	11/11/2019 9:00:00 AM	N419 N106 N118 N130 N356 N410 N304 N456	N49-0 N417-0 N13-0 N222-0 N294-0 N298-0 N331-1 N314-0
37	U38	11/11/2019 9:00:00 AM	N142 N212 N154 N279 N53 N52 N72 N108	N247-0 N187-0 N104-0 N70-1 N454-1 N375-0 N251-0 N274-0 N448-0 N444-0 N282-0 N269-0 N322-0
38	U38	11/11/2019 9:00:00 AM	N104 N159 N31 N4 N313 N17 N23 N72 N437 N122 N474 N38 N457 N204	N206-0 N344-0 N205-0 N395-0 N24-1 N190-0 N322-0 N202-1 N494-0 N75-0 N298-0 N300-0
39	U57	11/11/2019 9:00:00 AM	N280 N442 N42 N388 N242 N228 N335 N285 N159 N94	N457-0 N217-0 N376-0 N8-0 N111-0 N300-0
40	U4	11/11/2019 9:00:00 AM	N115 N51 N40 N464 N98 N347 N415	N220-0 N400-0 N204-1 N438-0 N268-1 N178-0 N196-0 N143-0
41	U62	11/11/2019 9:00:00 AM		N357-1 N291-0 N371-1 N242-0 N55-0 N227-0 N406-0 N195-0 N24-0
42	U67	11/11/2019 9:00:00 AM	N308 N111 N332 N46 N79 N459 N174 N485 N363 N318 N62 N349 N89 N439	N157-0 N259-0 N288-0 N266-0 N472-0 N388-0 N78-0 N321-0 N196-1 N311-0 N406-0 N283-0
43	U40	11/11/2019 9:00:00 AM	N437 N292 N143	N40-0 N244-0 N396-0 N290-0 N404-0 N116-0 N180-0
44	U25	11/11/2019 9:00:00 AM	N213 N162 N15 N186	N289-0 N332-1 N353-1 N440-0 N106-0 N197-0 N129-0 N35-0
45	U69	11/11/2019 9:00:00 AM	N115 N264 N142 N201 N497 N153	N466-0 N387-0 N388-0 N64-0 N0-1 N30-0 N146-0 N141-0
46	U59	11/11/2019 9:00:00 AM	N134 N233 N384 N325 N227 N492 N226 N387 N252 N497 N162 N228 N192 N320 N80	N101-0 N78-0 N497-0 N452-0 N80-0 N98-0 N209-0 N54-0 N427-0
47	U28	11/11/2019 9:00:00 AM	N5 N302 N129 N300 N126 N1 N11 N203 N435 N219 N461 N115 N239	N170-0 N356-0 N58-1 N477-0 N481-0 N75-0 N142-0 N274-0 N90-1 N384-0 N143-0
48	U95	11/11/2019 9:00:00 AM	N242 N377 N467 N173 N474 N436 N473 N160 N189 N410 N401 N226 N106	N223-0 N259-0 N463-0 N336-0 N328-0 N393-0 N213-0 N13-0 N467-0 N106-0
49	U4	11/11/2019 9:00:00 AM	N437 N468 N67 N122 N3 N132 N393 N219 N58 N354 N11 N478 N466 N278	N153-1 N144-0 N450-0 N380-0 N55-0 N428-0 N348-0 N370-0 N198-0 N258-0
50	U5	11/11/2019 9:00:00 AM	N453 N484 N243 N137 N72 N250 N372 N330 N349 N313 N475 N16 N227 N384 N169 N265 N271	N126-0 N30-1 N220-0 N27-0 N184-0 N84-0 N119-0 N446-0 N172-0 N351-0 N497-0 N267-0 N390-0
51	U40	11/11/2019 9:00:00 AM	N114 N53 N143 N367 N236 N155 N365 N195	N357-0 N241-0 N75-0 N23-0 N260-1 N298-0 N101-0 N213-0 N61-0 N19-0 N473-0 N59-0 N172-0
52	U51	11/11/2019 9:00:00 AM	N23 N8 N491 N274 N282 N179 N155 N430 N477 N346 N36 N82 N263 N273 N232 N20 N60	N352-0 N163-0 N385-0 N314-0 N371-0 N77-0 N400-0 N239-0 N434-0 N337-0 N61-1 N146-0 N143-1 N34-0
53	U19	11/11/2019 9:00:00 AM	N283 N418	N428-0 N470-0 N468-0 N1-0 N45-0 N125-0 N263-0 N317-0 N396-0 N392-0 N376-0 N335-0 N95-0
54	U2	11/11/2019 9:00:00 AM	N140 N307 N220 N208 N272 N351	N25-0 N346-0 N50-0 N173-0 N412-1 N14-1 N390-0 N408-0
55	U10	11/11/2019 9:00:00 AM	N387 N384 N130 N201 N243 N491 N364 N325	N461-0 N405-0 N469-0 N462-0 N272-0 N488-0 N484-0 N231-0 N52-0
56	U94	11/11/2019 9:00:00 AM	N100 N486 N428 N425 N44 N19 N109	N356-0 N371-0 N327-0 N152-0 N50-1 N78-0 N84-0 N11-0 N111-1 N248-0
57	U76	11/11/2019 9:00:00 AM	N482 N13 N261 N193 N39 N446 N327 N307 N445 N140 N38 N280	N325-0 N98-0 N375-0 N206-0 N469-1 N317-0
58	U26	11/11/2019 9:00:00 AM	N309 N180 N232 N58 N499 N433 N188 N155 N34 N164	N481-0 N333-0 N220-0 N75-0 N480-1 N257-0 N410-0 N193-0 N437-0 N313-0 N183-0 N145-0 N459-1 N311-0
59	U54	11/11/2019 9:00:00 AM	N146 N322	N245-0 N453-0 N389-0 N380-0 N29-0
60	U29	11/11/2019 9:00:00 AM	N404 N447 N57 N153	N188-0 N241-0 N342-0 N286-0 N434-1
61	U12	11/11/2019 9:00:00 AM	N416 N348 N89	N363-0 N394-0 N349-0 N49-0 N360-0 N230-0 N486-0 N43-0 N447-0 N226-0 N197-1 N14-0 N202-0
62	U11	11/11/2019 9:00:00 AM	N148 N56 N108 N492 N287 N204 N58 N154 N132 N238 N468 N405 N298 N97	N52-0 N378-0 N178-0 N2-0 N206-0 N73-0 N80-0 N318-0 N448-0 N319-0 N59-0
63	U12	11/11/2019 9:00:00 AM	N46 N333 N363 N439 N369 N288 N339 N308	N325-0 N463-0 N38-0 N443-0 N55-0 N40-0 N389-0 N97-0 N494-0
64	U16	11/11/2019 9:00:00 AM	N425 N367 N334 N311 N375 N371 N87	N416-1 N485-1 N118-0 N321-0 N229-0
65	U85	11/11/2019 9:00:00 AM	N129 N346 N29 N276 N113 N273 N383 N428	N268-0 N143-1 N342-0 N354-0 N280-0 N0-0
66	U78	11/11/2019 9:00:00 AM	N309 N414 N257 N470 N55 N480 N9 N41 N184 N26 N352 N148 N387	N337-0 N421-0 N66-0 N478-0 N45-0 N126-0 N118-0 N268-0 N185-0 N358-0 N230-0
67	U24	11/11/2019 9:00:00 AM	N437 N31 N255 N215 N289 N40 N20 N142	N38-0 N165-0 N409-0 N340-0 N243-0
68	U22	11/11/2019 9:00:00 AM	N193 N13 N70 N302 N370 N424 N377 N421 N4 N266	N147-0 N131-0 N59-0 N449-0 N377-0 N480-0
69	U74	11/11/2019 9:00:00 AM	N234 N340 N297 N389 N498 N149 N133 N0 N376 N176 N460 N225 N355 N495 N208 N9 N107 N73 N217	N216-0 N238-0 N115-0 N342-0 N282-0 N12-0 N40-0 N17-0 N202-1 N182-1
70	U35	11/11/2019 9:00:00 AM	N231 N446	N58-0 N316-1 N279-0 N91-0 N129-0 N498-0 N468-0 N83-0
71	U31	11/11/2019 9:00:00 AM		N429-0 N55-0 N396-0 N473-0 N305-0 N219-0 N239-0 N492-0 N217-0 N272-0 N237-0 N42-0 N493-0
72	U75	11/11/2019 9:00:00 AM	N264 N488 N273 N113 N244 N28 N61 N281 N154 N217 N76 N397 N479	N177-0 N170-0 N244-1 N154-0 N41-0 N411-0 N145-0 N191-1 N31-0
73	U92	11/11/2019 9:00:00 AM	N35 N303 N41 N109 N17 N257 N246	N133-0 N279-1 N28-0 N452-0 N219-0 N112-0 N306-1 N480-1 N58-0
74	U25	11/11/2019 9:00:00 AM	N46 N452 N315 N275 N466 N350 N15 N248 N221 N355 N265	N148-0 N261-0 N244-0 N375-0 N401-0
75	U49	11/11/2019 9:00:00 AM	N52 N222 N83 N92 N183 N303 N476 N99 N232 N155 N306 N470 N352 N268 N45 N497 N408	N361-0 N217-0 N185-0 N113-0 N407-0 N295-0 N248-0 N438-0 N301-0 N126-0 N462-0
76	U31	11/11/2019 9:00:00 AM	N174 N332 N47 N111 N181 N308 N357 N265 N494 N62 N298 N486	N495-0 N402-0 N258-0 N229-0 N91-0 N178-0 N206-0 N118-0 N302-1 N199-0
77	U84	11/11/2019 9:00:00 AM	N399 N153 N382 N464 N413 N226	N410-0 N358-0 N19-0 N446-0 N289-0 N55-0 N89-0 N16-0 N331-0 N119-0 N129-0 N276-0 N173-0
78	U81	11/11/2019 9:00:00 AM		N411-0 N371-0 N492-0 N66-0 N91-0 N182-0 N139-0
79	U17	11/11/2019 9:00:00 AM	N436 N477 N441	N372-0 N399-0 N48-0 N366-0 N273-1 N171-0 N412-0 N350-0 N492-0 N123-0 N445-0 N298-0 N242-0
80	U94	11/11/2019 9:00:00 AM	N193 N175 N348 N93 N75	N310-0 N55-0 N296-0 N469-0 N218-0
81	U49	11/11/2019 9:00:00 AM	N356 N158	N378-0 N451-1 N206-0 N311-0 N397-0 N248-0
82	U85	11/11/2019 9:00:00 AM	N85 N430 N8 N206 N175 N348 N217 N44 N438 N467 N109 N441 N166 N113 N86 N88 N20 N60 N244	N104-0 N307-0 N315-0 N0-0 N60-0 N16-0 N44-0 N134-0 N103-0 N230-0 N90-0 N201-1 N350-0 N270-0
83	U9	11/11/2019 9:00:00 AM	N49 N181 N315 N333 N369 N271 N275 N259 N313 N228 N452 N431 N53 N213 N83	N441-0 N440-0 N133-0 N7-0 N134-0 N302-0 N385-1 N468-0 N340-0 N90-1
84	U15	11/11/2019 9:00:00 AM		N469-0 N56-0 N246-0 N481-0 N47-1 N259-0 N99-0 N395-1 N210-0 N478-0 N253-0 N499-0 N494-1
85	U10	11/11/2019 9:00:00 AM	N450 N80 N320 N449 N350 N295 N341 N466 N399 N330 N169 N201 N202 N349 N387 N198 N178 N216	N242-0 N424-0 N221-0 N426-0 N281-0
86	U42	11/11/2019 9:00:00 AM	N19 N76 N319 N282 N386 N259	N297-0 N42-0 N447-0 N70-0 N271-0 N382-0 N393-0 N9-0 N212-0 N197-0 N6-0 N478-0 N116-0
87	U47	11/11/2019 9:00:00 AM	N214	N360-0 N48-0 N323-0 N262-0 N265-0 N440-0 N228-1 N498-0 N209-0
88	U73	11/11/2019 9:00:00 AM	N282	N30-0 N106-0 N396-1 N109-0 N62-0 N478-1 N444-0 N289-1 N406-0 N268-0 N72-0 N12-0
89	U52	11/11/2019 9:00:00 AM	N366 N120 N58	N469-0 N35-0 N3-1 N290-0 N349-0 N480-0 N208-0 N157-0 N124-0 N238-0
90	U54	11/11/2019 9:00:00 AM	N466 N158 N14 N261 N486 N42	N356-0 N314-0 N439-1 N447-0 N146-1 N256-0 N336-0
91	U95	11/11/2019 9:00:00 AM	N187 N479 N43 N68 N249 N388 N293	N126-0 N240-0 N55-0 N292-0 N392-0 N143-0 N70-0 N101-0 N489-0 N157-1
92	U17	11/11/2019 9:00:00 AM	N341 N383 N269 N76 N31 N282 N438	N141-0 N212-1 N130-0 N341-0 N325-0 N256-0 N2-0 N197-0 N273-1 N45-0
93	U5	11/11/2019 9:00:00 AM	N22 N117 N398 N288 N182 N387 N162 N325	N39-0 N362-0 N143-0 N223-0 N364-0 N189-0 N388-0 N286-0 N9-0 N215-0 N66-0 N413-0 N456-0 N159-0
94	U84	11/11/2019 9:00:00 AM	N149 N37 N229 N341 N464 N30 N413 N221 N80 N448 N198	N459-0 N456-0 N431-0 N57-0 N287-0 N43-0 N469-0 N427-0
95	U87	11/11/2019 9:00:00 AM	N302 N425 N223 N182 N19 N246 N477 N430 N269 N281 N496 N278 N252 N397 N25 N97 N244 N88 N109	N56-0 N70-0 N247-0 N428-0 N285-0 N277-0 N329-0 N189-0 N186-0 N477-0 N95-0 N12-0 N200-0
96	U7	11/11/2019 9:00:00 AM	N216 N382 N424 N453 N448 N1 N407 N234 N6 N172 N228	N270-0 N152-0 N145-0 N88-0 N95-0 N228-0 N352-0 N401-0 N379-0 N189-0 N373-0 N411-0
97	U5	11/11/2019 9:00:00 AM	N37 N387 N382 N492 N202 N299 N364 N349 N134 N347 N399 N341 N201 N228 N413 N333 N328	N269-0 N146-0 N280-0 N89-0 N196-1 N163-0 N7-0 N416-0 N463-0 N317-0 N296-0 N242-0
98	U0	11/11/2019 9:00:00 AM	N32 N359 N353 N139 N381 N99 N170 N208 N365 N193	N9-0 N454-0 N402-0 N198-0 N283-0
99	U81	11/11/2019 9:00:00 AM	N129 N465 N350 N28 N243 N367 N347 N155 N396 N309 N49	N323-1 N82-0 N92-0 N476-0 N333-0 N416-0 N102-0 N413-0 N166-0 N53-0 N284-0
100	U47	11/11/2019 9:00:00 AM	N270 N118 N135 N106 N335 N161 N112 N138 N488 N390 N419 N493	N43-0 N375-1 N489-0 N112-1 N171-0 N259-0 N392-0 N57-0 N47-0 N200-1 N306-0
101	U99	11/11/2019 9:00:00 AM	N360 N473 N86 N328	N301-1 N471-0 N241-0 N91-0 N483-0 N115-0 N325-0 N10-0 N232-0 N39-0 N496-0 N493-0
102	U69	11/11/2019 9:00:00 AM	N51 N212 N40 N104 N108 N4 N468 N88 N261 N11 N229 N142 N79 N433 N457 N264 N159	N68-0 N122-1 N109-0 N413-0 N456-0 N405-0 N86-0 N477-0 N460-0 N170-1 N354-0
103	U93	11/11/2019 9:00:00 AM	N155 N129 N459 N472 N137 N220 N232 N188 N23 N119 N499 N195 N77 N237	N216-0 N395-0 N36-0 N363-0 N274-0 N120-0 N225-0 N383-0 N459-1
104	U36	11/11/2019 9:00:00 AM	N363 N196 N311 N379 N458 N174 N181 N221 N62 N395 N274 N171 N271 N318 N390 N53 N416 N411 N333	N394-0 N70-0 N181-0 N139-0 N119-0 N47-0 N92-0 N416-0
105	U22	11/11/2019 9:00:00 AM	N421 N469 N278 N210 N442 N118 N193 N198 N339	N184-1 N197-1 N346-0 N412-0 N124-0 N174-1
106	U10	11/11/2019 9:00:00 AM	N402 N214	N292-0 N273-1 N96-0 N35-0 N276-0 N224-0 N484-0 N415-0 N256-0 N260-0
107	U35	11/11/2019 9:00:00 AM	N208 N137 N71 N136 N84 N441 N340 N89 N376 N289 N290 N190 N391 N498 N277	N325-0 N462-1 N279-0 N0-1 N103-0 N171-0 N143-0 N247-0 N275-0 N363-0 N376-1
108	U46	11/11/2019 9:00:00 AM	N73 N290 N127 N107 N190 N335 N403 N116 N59 N170 N381 N71 N353 N424 N409 N193	N464-0 N381-0 N491-0 N56-0 N454-0 N451-1 N32-0 N150-0 N100-0 N54-0 N319-0 N88-0 N67-0 N453-0
109	U18	11/11/2019 9:00:00 AM	N3 N85 N44 N294 N171 N123 N20 N223 N113 N88 N23 N383 N200 N380 N496 N360 N430	N117-0 N152-0 N481-0 N336-0 N449-0
110	U2	11/11/2019 9:00:00 AM	N236 N385 N276 N164 N312	N118-0 N28-0 N50-0 N294-0 N24-0 N461-0
111	U4	11/11/2019 9:00:00 AM	N22 N292 N282 N108 N142 N24 N287 N255 N239 N101 N72 N227 N130 N386 N1 N199	N245-0 N190-0 N52-1 N443-0 N313-0 N266-1 N431-0 N154-0 N298-0 N194-0 N15-0 N89-0
112	U66	11/11/2019 9:00:00 AM	N25 N360 N244 N312 N175	N6-1 N383-0 N189-0 N1-0 N81-0 N441-0 N396-1
113	U28	11/11/2019 9:00:00 AM	N394 N180 N51 N65 N405 N176 N101 N40 N158 N90 N478 N435 N207 N204 N43 N299 N122 N239 N354	N413-0 N214-0 N386-1 N432-0 N282-0 N104-1 N213-1 N41-0 N225-0
114	U14	11/11/2019 9:00:00 AM	N274 N254 N97 N63 N263 N276 N338 N162 N171 N397 N75 N469	N101-0 N137-0 N326-1 N248-0 N267-0 N88-0 N258-0 N356-0
115	U56	11/11/2019 9:00:00 AM	N278 N254 N33 N295 N36 N44 N63 N330 N61 N240 N93 N201 N217 N274 N350 N123 N327 N18 N346	N386-0 N499-1 N117-0 N89-0 N303-0 N139-0 N493-0 N233-0 N415-0 N198-0 N223-0 N472-0 N13-0
116	U84	11/11/2019 9:00:00 AM	N484 N418 N100 N128 N267 N286 N399 N297 N101 N109 N382 N230 N134 N248 N448 N349	N23-0 N397-0 N349-0 N264-0 N111-1 N18-1 N409-0 N443-0 N262-0 N428-0 N75-0
117	U2	11/11/2019 9:00:00 AM		N419-0 N130-0 N457-0 N493-0 N247-0 N356-0 N379-1 N263-0 N269-0 N258-0 N25-0
118	U98	11/11/2019 9:00:00 AM	N105 N80 N128 N134 N136 N450 N325	N2-0 N444-0 N124-0 N113-0 N181-0 N142-0 N49-0 N238-0 N19-0 N10-0 N171-0 N338-0 N346-0 N128-0
119	U85	11/11/2019 9:00:00 AM	N44 N60 N113 N256 N182	N224-1 N410-1 N453-0 N298-0 N185-0 N256-0 N258-0 N78-0 N488-1 N29-0 N377-0 N235-1
120	U22	11/11/2019 9:00:00 AM	N370 N2 N470 N43 N335 N456 N150 N340 N442 N28 N39 N70 N492 N469 N443 N152 N285 N189	N443-0 N28-0 N150-0 N47-0 N466-1 N205-0 N125-0 N128-0 N196-0 N80-0 N481-0
121	U33	11/11/2019 9:00:00 AM	N160 N347 N335 N385 N68 N235 N489 N217 N481	N166-0 N170-0 N183-0 N308-0 N379-0 N221-0
122	U9	11/11/2019 9:00:00 AM	N257 N375 N416 N304 N355 N111 N201 N223 N265 N105	N302-0 N91-0 N299-0 N469-0 N323-0 N307-0 N221-0
123	U67	11/11/2019 9:00:00 AM	N417 N111 N369 N311 N315 N58 N46 N363 N186 N174 N411 N191 N470 N371 N74	N344-0 N238-0 N84-0 N73-0 N42-0 N325-0 N78-0 N409-0 N175-0
124	U39	11/11/2019 9:00:00 AM	N210 N173 N53 N377 N351 N339 N446 N266 N401	N145-0 N6-0 N360-1 N458-0 N156-0 N322-0 N21-0 N127-0 N401-0 N230-0 N80-0 N82-0 N169-1 N319-0
125	U13	11/11/2019 9:00:00 AM	N238 N72 N312 N447 N264 N40 N193 N454 N287 N1 N370 N268 N5 N79 N457 N465 N142 N133 N56	N247-0 N480-0 N431-0 N312-1 N364-0 N214-0 N94-0 N189-0 N33-0 N341-0 N342-0
126	U87	11/11/2019 9:00:00 AM	N295 N33 N23 N244 N254 N72 N175 N430 N257	N132-0 N282-1 N125-0 N196-0 N356-0 N67-0 N293-0 N37-0 N30-0 N320-0 N45-0 N74-0 N288-0
127	U18	11/11/2019 9:00:00 AM	N458 N488 N171 N19 N96	N46-0 N468-0 N262-0 N429-0 N434-0 N8-0
128	U48	11/11/2019 9:00:00 AM	N321 N249 N12 N261 N292 N270 N189 N339 N118 N343 N39 N474 N443 N14 N106 N138 N478	N89-0 N496-0 N11-0 N448-0 N422-0 N160-0 N139-0 N253-0 N145-1 N397-0 N319-0
129	U31	11/11/2019 9:00:00 AM	N334 N471 N431 N485 N165	N110-0 N422-0 N160-0 N394-0 N10-0 N252-0 N308-1
130	U63	11/11/2019 9:00:00 AM	N182 N176 N319 N332 N19 N295 N29	N343-0 N481-0 N191-0 N40-0 N120-0 N0-0 N350-0 N154-0
131	U61	11/11/2019 9:00:00 AM	N482 N377 N106 N295 N64 N39 N280 N78 N189 N146 N446 N361 N176 N135 N17	N134-0 N113-0 N211-0 N418-0 N232-0 N135-0 N0-0 N373-0
132	U91	11/11/2019 9:00:00 AM	N429 N263 N50 N69 N476 N202 N131	N352-0 N125-0 N326-0 N84-0 N418-1 N82-0 N478-0 N331-0 N299-0 N29-0 N464-0
133	U93	11/11/2019 9:00:00 AM	N351 N164 N367 N491 N499 N276 N68 N489 N300 N290	N409-0 N89-0 N193-0 N171-0 N4-0 N167-0 N194-0
134	U76	11/11/2019 9:00:00 AM	N91 N318 N443 N197 N270 N157 N64 N115 N445 N242 N49 N467 N135	N377-1 N2-1 N328-0 N64-0 N326-0 N211-0 N95-0 N330-0
135	U11	11/11/2019 9:00:00 AM	N477 N101 N435 N482 N425 N452 N153 N219 N415 N159 N154 N280 N255 N264 N3 N405 N447 N151	N301-0 N77-0 N498-0 N480-0 N134-0 N230-0 N418-0 N495-1 N7-0 N100-0
136	U82	11/11/2019 9:00:00 AM	N309 N308	N403-0 N97-0 N310-0 N475-0 N252-0
137	U45	11/11/2019 9:00:00 AM	N90 N336 N420 N211 N337 N358 N166 N84 N178 N59 N460 N415 N209	N456-0 N289-0 N432-0 N101-0 N418-0
138	U27	11/11/2019 9:00:00 AM	N358 N19 N324	N148-0 N60-0 N485-0 N49-0 N184-0 N462-1
139	U74	11/11/2019 9:00:00 AM	N198 N252 N152 N176 N390 N278 N289 N277 N495	N366-0 N371-0 N10-0 N433-0 N35-0 N208-0 N143-1 N27-0 N325-0 N390-0 N313-0 N23-0
140	U16	11/11/2019 9:00:00 AM	N188 N204 N95 N265 N411 N471	N293-0 N153-0 N302-0 N108-0 N273-0 N388-0
141	U69	11/11/2019 9:00:00 AM	N354 N238 N299 N437 N23 N464 N38 N34 N298 N51 N142 N264 N1	N442-0 N78-0 N129-0 N230-0 N330-0 N219-0 N127-0
142	U86	11/11/2019 9:00:00 AM	N153 N110 N104 N404 N439 N40 N130 N468 N132 N212	N14-0 N279-0 N296-0 N81-0 N165-0 N470-0 N300-1 N498-0
143	U42	11/11/2019 9:00:00 AM	N29 N486 N281 N238 N25 N388 N496	N37-0 N243-0 N487-0 N455-0 N446-0 N360-0 N242-0 N417-0 N127-0 N1-0
144	U49	11/11/2019 9:00:00 AM	N404 N322 N224 N124 N399 N218 N306 N251 N226 N119 N345 N321 N45 N256	N435-0 N421-0 N284-1 N407-0 N99-0 N431-0 N173-0 N285-0 N27-1 N315-1 N411-1 N438-0 N352-1 N449-0
145	U92	11/11/2019 9:00:00 AM	N147 N144 N69 N226 N284 N158 N375 N92 N205 N436 N321 N257 N489 N206 N246	N192-0 N429-0 N106-0 N376-0 N269-0
146	U53	11/11/2019 9:00:00 AM	N376 N182 N199 N0 N152 N462 N176 N136 N149 N460 N56 N156 N289 N310 N290	N189-0 N257-0 N27-0 N308-0 N141-0 N127-0
147	U55	11/11/2019 9:00:00 AM	N193 N136 N166 N296 N299 N156 N140 N170 N359 N10 N268	N207-0 N413-0 N43-0 N210-0 N173-0
148	U80	11/11/2019 9:00:00 AM	N364 N340 N283 N291 N234 N267 N260 N248 N464 N97 N202	N21-0 N98-0 N77-0 N412-0 N325-1 N244-0 N33-0 N242-0 N334-0 N222-0 N456-0 N336-0 N122-0
149	U97	11/11/2019 9:00:00 AM	N211 N107 N466	N202-0 N79-0 N453-0 N343-0 N425-0 N284-0 N16-0 N209-1 N432-1 N167-1 N300-0 N117-0
150	U11	11/11/2019 9:00:00 AM	N268 N215 N465 N119 N38 N393 N457 N426	N174-1 N221-0 N50-0 N444-0 N308-0 N385-0
151	U92	11/11/2019 9:00:00 AM	N83 N21 N52 N127 N432 N55 N238 N87 N408	N100-0 N325-0 N452-0 N443-0 N101-0
152	U61	11/11/2019 9:00:00 AM		N180-0 N334-0 N383-0 N175-0 N329-0 N444-0 N289-0 N282-0 N11-0 N388-0 N94-0
153	U40	11/11/2019 9:00:00 AM	N412 N114 N292 N474 N487 N284	N371-1 N347-0 N355-0 N18-1 N437-0 N304-0 N234-0 N332-0 N293-0 N167-0 N182-0 N486-0
154	U93	11/11/2019 9:00:00 AM	N462 N379 N489 N143 N420 N347 N355 N235 N46 N272 N68	N206-0 N185-0 N493-0 N323-0 N443-0 N277-0 N216-0 N384-0 N293-0 N447-1 N278-0 N244-0 N415-0 N309-1
155	U79	11/11/2019 9:00:00 AM	N362	N494-0 N295-0 N142-0 N109-0 N168-0 N183-0 N339-0 N221-0 N457-0
156	U87	11/11/2019 9:00:00 AM	N494 N360 N220 N428 N302 N240 N346 N75	N290-0 N82-0 N79-0 N90-0 N283-0 N273-1 N404-0
157	U29	11/11/2019 9:00:00 AM	N459 N40 N394 N405 N415 N30 N298	N337-0 N296-0 N364-0 N372-0 N119-0 N187-0 N109-0 N230-0 N396-0 N456-0
158	U3	11/11/2019 9:00:00 AM	N351 N316 N344 N262 N347 N420 N292 N114 N309 N155 N240 N77 N119 N297 N465 N491	N341-0 N105-0 N94-1 N391-0 N358-0 N443-0 N174-0 N72-0 N270-0 N422-0 N140-0 N141-0 N405-0
159	U90	11/11/2019 9:00:00 AM	N137 N35 N450 N228 N156 N399 N250 N128 N473 N325 N245 N269 N357	N11-0 N27-0 N78-0 N180-0 N339-0 N298-0 N461-0 N213-0 N110-0 N231-1
160	U4	11/11/2019 9:00:00 AM	N132 N54 N394 N131 N268 N468 N288 N300 N425 N24 N203	N41-0 N178-0 N13-0 N254-0 N490-0 N282-0 N30-0
161	U34	11/11/2019 9:00:00 AM	N317 N335 N475 N424 N361 N299	N89-0 N173-0 N45-0 N43-0 N326-0 N152-0 N193-0 N461-0 N243-0
162	U1	11/11/2019 9:00:00 AM		N127-0 N8-0 N315-1 N49-0 N351-0 N94-0 N481-0 N239-0 N52-0 N327-0 N11-1 N77-0 N273-0 N237-0
163	U14	11/11/2019 9:00:00 AM	N283 N446 N342 N273 N328 N60 N267 N269 N302 N281 N20 N360 N97 N383	N393-0 N369-0 N463-0 N179-1 N2-0 N68-0 N246-0
164	U94	11/11/2019 9:00:00 AM	N338 N5	N318-0 N271-0 N125-0 N166-0 N110-0 N25-0 N87-0 N153-0 N312-0 N195-0 N18-0
165	U63	11/11/2019 9:00:00 AM	N36 N430 N272 N113	N107-0 N63-0 N227-1 N469-0 N225-0 N28-0 N316-0 N364-0 N330-0
166	U83	11/11/2019 9:00:00 AM	N67 N391 N423 N57 N285 N376 N460 N73 N170 N90 N237 N152	N320-0 N368-1 N373-0 N82-0 N277-0 N353-0 N27-0 N143-0
167	U26	11/11/2019 9:00:00 AM	N143 N220 N232 N357 N34 N463 N147 N188 N412 N184 N472 N347 N160 N48	N450-0 N189-0 N398-0 N499-0 N384-0
168	U59	11/11/2019 9:00:00 AM	N119 N291 N475	N364-0 N472-0 N34-0 N250-1 N9-0 N455-0 N29-0 N146-0 N331-0 N483-0 N122-0 N341-1
169	U24	11/11/2019 9:00:00 AM	N12 N159 N177 N126 N56 N426 N65 N1 N98 N312 N113 N153	N170-0 N269-0 N140-0 N141-1 N490-0 N224-0 N186-0 N238-0 N341-0 N301-0 N432-0
170	U5	11/11/2019 9:00:00 AM	N172 N496 N34 N330 N399 N364 N128 N387 N153 N162 N234 N291 N317 N117 N233 N484	N16-0 N463-0 N456-0 N462-0 N407-0 N273-0
171	U33	11/11/2019 9:00:00 AM	N98 N351 N307 N481 N396 N28 N498 N276 N491	N106-0 N376-0 N282-0 N460-0 N114-0 N100-0 N48-0 N338-0 N138-0 N310-0
172	U89	11/11/2019 9:00:00 AM	N339 N493 N387 N424 N128 N100 N348 N291 N169 N16 N413 N399	N236-1 N302-0 N310-0 N94-0 N357-0
173	U21	11/11/2019 9:00:00 AM	N229 N396 N412 N487 N129 N465 N119 N236 N162 N6 N68 N272 N114 N155	N496-0 N45-0 N361-1 N110-0 N92-0 N244-0 N119-0 N115-0 N373-0 N272-1 N308-0 N467-1 N259-0
174	U58	11/11/2019 9:00:00 AM	N343 N442 N283 N421 N470 N456 N69 N187 N161 N327 N103 N14	N228-0 N247-0 N7-0 N149-0 N167-1 N337-0 N0-0
175	U35	11/11/2019 9:00:00 AM	N359 N209 N389 N330 N345 N340 N73 N234 N362 N32 N145 N365 N380 N383 N490 N166 N156 N208	N450-0 N382-0 N159-0 N319-0 N82-0 N47-0 N221-0 N245-0 N384-0 N252-0 N241-0 N166-0 N356-0
176	U30	11/11/2019 9:00:00 AM	N486 N342 N477 N36 N428 N441 N383 N281 N307 N361 N175 N222 N97	N427-0 N339-0 N318-0 N112-0 N327-1 N36-0 N313-0 N199-0 N389-0
177	U1	11/11/2019 9:00:00 AM	N71 N67 N286 N0 N190 N84	N235-0 N179-0 N154-1 N295-0 N346-0 N10-0 N389-1 N366-0
178	U31	11/11/2019 9:00:00 AM	N486 N177	N202-0 N358-0 N89-0 N314-0 N145-0 N266-1 N38-0 N68-0
179	U9	11/11/2019 9:00:00 AM	N446 N337 N265 N89 N87 N281	N71-0 N111-0 N219-0 N272-0 N420-0 N190-0 N495-0
180	U35	11/11/2019 9:00:00 AM	N289 N46 N225 N30 N258 N241 N136 N190 N139	N179-0 N480-0 N330-1 N91-0 N304-0 N24-0 N31-0 N12-0
181	U65	11/11/2019 9:00:00 AM	N481 N195 N48 N213 N489 N34 N463 N121 N455 N412 N265 N143 N236 N467 N164	N458-0 N92-0 N490-0 N40-0 N242-0 N462-0 N179-0 N398-0
182	U61	11/11/2019 9:00:00 AM	N39 N436 N280 N139 N371 N370 N424 N189	N52-0 N320-0 N269-0 N286-0 N393-0 N237-0 N190-0
183	U29	11/11/2019 9:00:00 AM	N142 N151 N375 N207 N233 N40 N122	N279-0 N127-0 N321-0 N28-0 N25-0 N385-1 N356-0 N315-0 N143-0 N37-0
184	U99	11/11/2019 9:00:00 AM	N171 N29 N422 N33 N314 N342 N244 N274 N334 N121 N217 N182 N397 N348 N109 N85 N273 N327	N280-0 N163-0 N485-0 N394-0 N329-1 N177-0 N181-0 N101-0 N195-0 N384-0 N82-1 N427-0 N256-0
185	U53	11/11/2019 9:00:00 AM	N231 N310 N70 N391 N353 N82 N277 N208 N32 N107 N6 N336 N237 N139 N424	N41-1 N216-0 N176-0 N429-0 N268-0 N439-0 N93-0 N424-0
186	U48	11/11/2019 9:00:00 AM	N482 N470 N327 N370 N357 N142 N373 N442 N417 N424 N161 N67 N285 N225 N118 N210 N343	N419-1 N1-0 N32-1 N117-0 N355-0 N62-0 N61-1 N344-0
187	U41	11/11/2019 9:00:00 AM	N12 N21 N41 N409 N180 N184 N432 N303 N251 N66	N30-0 N208-0 N449-0 N207-0 N369-0 N202-0 N244-0 N38-0 N243-0 N14-0 N372-0 N186-0 N297-0
188	U11	11/11/2019 9:00:00 AM	N40 N75 N1 N238 N332 N115 N158 N300 N203 N19 N4 N478 N415 N374 N253 N151 N354	N451-0 N110-0 N30-0 N243-1 N70-0 N145-0 N311-0
189	U48	11/11/2019 9:00:00 AM	N261 N327 N377 N280 N52	N208-0 N50-0 N358-0 N417-1 N346-1 N154-0 N352-0 N196-0
190	U85	11/11/2019 9:00:00 AM	N139 N76 N496 N428 N88 N281 N25 N140 N36 N48 N422 N397	N349-0 N243-0 N8-0 N451-0 N90-0
191	U50	11/11/2019 9:00:00 AM	N110 N58 N199 N316 N298 N102 N436 N93 N122 N312 N17	N355-0 N245-0 N188-0 N327-0 N367-0
192	U69	11/11/2019 9:00:00 AM	N434 N215 N386 N468 N408 N31 N366 N462 N314 N426 N51 N142 N5 N478	N318-0 N368-1 N432-0 N460-0 N250-0 N307-0 N72-0 N249-1 N234-0 N69-0 N382-0 N438-1 N326-0 N169-0
193	U99	11/11/2019 9:00:00 AM	N409 N33 N281 N66 N254 N234 N348 N496 N82 N302 N179 N274	N50-0 N376-0 N445-0 N304-0 N411-0 N152-0 N32-0 N209-0 N142-0
194	U59	11/11/2019 9:00:00 AM	N227 N248 N91	N154-0 N71-0 N243-0 N106-0 N425-1 N200-0 N77-0 N452-0
195	U70	11/11/2019 9:00:00 AM	N104 N102 N155 N354 N51 N294 N215 N3	N125-0 N185-0 N122-0 N243-0 N258-1 N132-1 N17-1 N20-0 N50-0 N96-0 N315-0 N314-0
196	U99	11/11/2019 9:00:00 AM	N93 N224 N348 N303 N171 N71 N40 N430 N477 N496 N427 N61 N278 N360 N20 N86 N254 N244 N75	N310-0 N373-0 N282-0 N247-0 N84-0 N4-0 N269-0 N364-0 N195-0 N122-0 N479-1 N369-0 N378-0 N344-0
197	U60	11/11/2019 9:00:00 AM		N177-0 N399-0 N52-0 N439-0 N325-1 N303-0 N496-0 N37-0 N214-0 N476-0
198	U85	11/11/2019 9:00:00 AM	N321 N360	N421-0 N494-0 N36-1 N152-0 N45-0 N201-0 N231-0 N417-0 N169-0 N258-0 N292-0 N440-0
199	U33	11/11/2019 9:00:00 AM	N350 N385 N77 N194 N465 N232 N351 N168 N433 N68 N459	N321-1 N477-0 N60-0 N55-0 N25-0 N157-0 N204-0 N458-0 N259-1 N225-0 N270-0
200	U56	11/11/2019 9:00:00 AM	N374	N367-0 N320-0 N145-0 N305-1 N207-0 N115-0 N242-0 N211-0 N378-0
201	U95	11/11/2019 9:00:00 AM	N266 N466 N331 N187 N138 N189 N451 N421 N286 N43 N339 N197 N77 N410 N106 N265 N118 N461 N39	N8-0 N15-0 N188-0 N340-0 N166-0 N273-0 N419-0
202	U43	11/11/2019 9:00:00 AM	N459 N433 N195 N283 N440 N319 N289 N367 N166 N188 N347	N494-0 N78-0 N262-0 N214-0 N252-0 N204-0 N320-0 N376-0
203	U37	11/11/2019 9:00:00 AM	N179 N438 N123 N413 N263 N171 N33 N494 N63 N295 N297 N19 N96 N82 N479	N411-0 N12-0 N414-0 N20-0 N131-0 N219-0 N190-0 N305-1
204	U20	11/11/2019 9:00:00 AM	N167 N107 N55 N296 N140 N420	N176-1 N212-0 N113-0 N139-0 N222-0 N182-0 N423-0 N288-0 N94-0 N151-0 N231-1 N395-1
205	U40	11/11/2019 9:00:00 AM	N292 N499 N236 N367 N143 N345 N385 N82 N129 N119 N447 N235	N302-1 N257-0 N417-0 N277-0 N79-0 N243-0 N433-0 N419-0 N18-0 N299-0 N327-0 N32-0 N446-1 N215-0
206	U58	11/11/2019 9:00:00 AM	N461 N13 N162 N146 N474 N197 N55 N14 N261 N138 N416	N325-0 N182-0 N155-0 N379-0 N362-0 N295-0 N401-1 N431-0 N241-0 N292-0 N219-0 N430-0 N62-0
207	U64	11/11/2019 9:00:00 AM	N19 N23 N281 N338 N36 N442 N467 N438 N175 N348	N359-0 N2-0 N17-0 N242-0 N489-0 N352-0
208	U34	11/11/2019 9:00:00 AM	N474 N398	N33-0 N50-0 N29-0 N360-0 N334-0 N347-0 N60-1 N97-0 N63-0 N412-0 N253-0
209	U51	11/11/2019 9:00:00 AM	N427 N309 N282 N328 N175 N257 N85 N20 N434 N19 N428	N79-0 N101-0 N189-0 N349-0 N365-0 N229-0
210	U86	11/11/2019 9:00:00 AM	N197	N66-0 N195-0 N427-0 N299-0 N350-1 N164-0 N341-0
211	U55	11/11/2019 9:00:00 AM	N149 N152 N60 N336 N190	N77-0 N409-0 N142-0 N467-0 N70-0 N291-1 N183-0 N347-0 N61-0
212	U15	11/11/2019 9:00:00 AM	N62 N132	N293-0 N285-0 N345-0 N264-0 N168-0 N330-0 N12-0
213	U85	11/11/2019 9:00:00 AM	N33 N263 N282 N175 N295 N430 N90 N50 N281 N438 N378 N93 N19 N86	N499-0 N20-1 N352-0 N457-0 N490-0 N324-0 N308-0 N170-0 N156-0 N198-0
214	U53	11/11/2019 9:00:00 AM	N393 N362 N241 N291 N116 N145 N59 N176 N380 N165 N178 N397 N391 N340 N84 N133 N139 N152	N347-0 N448-0 N69-1 N2-0 N460-0
215	U73	11/11/2019 9:00:00 AM	N396 N11 N487 N379	N74-0 N431-0 N354-0 N16-0 N357-0 N416-0 N164-0 N498-0 N268-0 N383-0
216	U74	11/11/2019 9:00:00 AM	N202 N166 N416 N133 N495 N289	N63-0 N134-0 N190-0 N389-0 N221-0 N415-0 N372-0 N293-0 N356-0 N494-0 N161-0 N256-0 N318-0
217	U39	11/11/2019 9:00:00 AM	N161 N436 N229 N2 N239 N419 N293 N370 N70 N445	N66-0 N187-0 N140-0 N317-1 N10-0 N146-0
218	U3	11/11/2019 9:00:00 AM	N224 N472 N351 N378 N379 N164 N24 N143 N235 N392 N283 N465 N28 N388	N197-0 N435-0 N108-0 N119-0 N56-0 N475-0 N25-0 N331-0 N349-0 N288-0
219	U14	11/11/2019 9:00:00 AM	N182 N85 N254 N19 N330	N483-0 N391-0 N261-0 N40-0 N83-0 N201-0
220	U48	11/11/2019 9:00:00 AM	N104 N470 N421 N424 N335 N73	N159-0 N82-0 N146-1 N237-0 N74-0 N448-0
221	U51	11/11/2019 9:00:00 AM	N97 N272 N274 N342 N295 N23 N477 N240 N282 N488 N327 N428 N44 N76 N395	N357-1 N105-0 N298-0 N79-0 N54-0 N43-0 N448-0 N93-1 N312-0 N230-0 N281-0
222	U23	11/11/2019 9:00:00 AM	N257 N414 N156 N251 N408 N352 N162 N45	N72-0 N139-0 N5-0 N7-1 N71-0 N217-0 N334-0 N324-0 N344-1 N232-0 N367-0 N358-1
223	U36	11/11/2019 9:00:00 AM	N363 N46 N471 N356 N458 N170 N332 N271 N315 N318 N265 N355 N337 N297	N267-0 N337-0 N44-0 N309-1 N10-0 N79-0 N280-0 N147-0
224	U3	11/11/2019 9:00:00 AM	N385 N262 N412 N121 N236 N341 N160 N308 N276 N465 N463 N64 N487 N129 N347 N232 N283 N421	N354-0 N458-0 N495-0 N215-0 N256-0 N412-0 N90-0 N116-0
225	U14	11/11/2019 9:00:00 AM	N267 N25 N63 N60	N444-0 N177-0 N161-0 N257-0 N387-0 N77-0 N337-0
226	U28	11/11/2019 9:00:00 AM	N117 N122 N279 N98 N299 N108 N281 N253 N239 N199 N110 N180 N473 N24 N366 N207 N77 N312	N331-0 N449-0 N350-0 N194-0 N218-0 N413-0 N421-0 N232-1 N71-0 N387-0 N233-0 N37-0
227	U76	11/11/2019 9:00:00 AM	N370 N278 N421 N299 N135 N94 N388 N242 N39 N443 N410 N461 N435 N343	N278-0 N283-1 N395-1 N466-0 N343-0 N480-0
228	U88	11/11/2019 9:00:00 AM	N77 N491 N261 N433 N119 N212	N1-0 N150-0 N324-0 N101-0 N206-0 N204-0 N404-0 N422-0 N414-0 N445-0
229	U0	11/11/2019 9:00:00 AM	N380 N390 N381 N231 N299 N65 N208 N376 N107 N467 N116	N84-1 N327-0 N127-0 N11-0 N241-1 N215-0 N335-0 N346-0 N98-0 N355-0 N290-1 N139-1 N333-0 N136-1
230	U15	11/11/2019 9:00:00 AM	N144 N318 N87 N75 N485 N89 N311 N174 N62 N371	N318-0 N158-0 N0-0 N239-0 N290-0 N243-0 N423-0 N107-0
231	U51	11/11/2019 9:00:00 AM	N282 N109 N278 N302 N4 N25 N295 N40 N37 N294 N33 N61 N20 N175 N63	N12-1 N127-0 N472-0 N416-0 N35-0 N390-0 N340-0 N355-0 N34-1 N176-0 N75-0 N322-1 N315-0
232	U27	11/11/2019 9:00:00 AM	N443 N145 N423 N376 N359 N247 N258 N120 N178 N314 N149 N152	N230-0 N238-0 N11-0 N194-0 N464-0 N409-0 N370-0 N86-0 N384-0 N427-0 N448-0 N309-0 N123-0
233	U36	11/11/2019 9:00:00 AM	N74 N221 N465	N407-0 N370-0 N63-0 N46-0 N224-0 N477-0 N202-0 N196-1 N133-0 N393-0 N88-0 N277-0 N311-1
234	U52	11/11/2019 9:00:00 AM	N22 N199 N369 N212 N24 N3 N300 N110 N299 N374 N11 N33 N40 N65	N229-0 N308-0 N112-0 N283-0 N215-0
235	U37	11/11/2019 9:00:00 AM	N75 N441 N477 N302 N5 N499 N86 N486 N397 N175 N125 N63 N25 N383 N23	N491-0 N386-0 N62-0 N399-0 N475-0 N304-0 N404-0 N445-0 N28-0 N416-0 N214-0 N33-1 N191-0 N130-0
236	U23	11/11/2019 9:00:00 AM	N119 N497 N7 N194 N131 N185 N476 N99 N21 N83 N20 N66 N358	N496-0 N273-0 N357-0 N258-0 N179-0 N237-0 N249-0 N75-0 N377-0
237	U40	11/11/2019 9:00:00 AM	N385 N453 N465 N155 N174 N455 N379	N189-0 N476-0 N171-0 N224-0 N330-1 N478-0 N135-0 N349-0 N187-0
238	U93	11/11/2019 9:00:00 AM	N412 N220 N392 N367 N292 N87 N336 N481 N455 N143 N195 N155 N472 N253 N309 N426 N68	N443-0 N274-0 N276-1 N334-0 N197-0 N109-0 N328-1 N152-0 N214-0 N241-0 N17-0 N166-0
239	U92	11/11/2019 9:00:00 AM	N457 N21 N246 N52	N213-0 N38-0 N199-1 N178-0 N418-0 N158-0
240	U24	11/11/2019 9:00:00 AM	N40 N102 N484 N154 N72 N207 N204 N268 N304 N108 N299 N38 N426 N401 N203	N432-0 N117-0 N113-0 N13-0 N212-0 N66-0 N33-0 N429-0 N395-0 N205-0 N112-0 N269-0
241	U54	11/11/2019 9:00:00 AM	N167 N474 N103 N91 N270 N342 N173 N146 N210 N397 N361 N135 N343 N339 N417 N280	N321-0 N29-0 N255-0 N297-0 N467-1 N257-0 N212-0 N82-0 N313-0
242	U44	11/11/2019 9:00:00 AM	N402 N253	N337-0 N87-0 N471-0 N358-0 N222-0 N476-0 N350-0 N203-0 N295-0 N101-0 N433-0 N283-1
243	U92	11/11/2019 9:00:00 AM	N251 N183 N121	N218-0 N314-0 N177-0 N101-0 N327-0 N223-0 N253-0 N13-0 N188-0 N176-0 N420-0
244	U81	11/11/2019 9:00:00 AM	N34 N371 N276	N184-0 N307-0 N442-0 N393-0 N428-0 N387-0 N305-1 N334-1 N195-0 N129-0
245	U26	11/11/2019 9:00:00 AM	N378 N419 N455	N11-0 N93-0 N55-0 N115-0 N275-0 N454-0 N438-0 N126-0
246	U91	11/11/2019 9:00:00 AM	N246 N222 N55 N251 N257 N256 N473 N92 N147 N7 N214 N207 N165 N380 N54	N492-0 N238-0 N92-0 N349-0 N69-1 N29-0 N120-0 N143-0 N278-0 N268-0 N328-1 N339-0 N364-0 N322-1
247	U4	11/11/2019 9:00:00 AM	N95 N435 N56 N384 N151 N4 N120 N393 N153 N102 N447 N126 N24	N224-0 N84-0 N381-0 N219-1 N123-0 N188-1 N382-0 N347-0 N174-0
248	U87	11/11/2019 9:00:00 AM	N210 N179 N457 N496 N430 N60	N321-0 N292-0 N48-0 N154-0 N263-0 N3-0 N75-1
249	U38	11/11/2019 9:00:00 AM	N23 N279	N311-0 N234-0 N102-1 N367-0 N441-1 N32-0 N412-0 N348-0 N38-1 N492-0 N245-0 N160-0
250	U10	11/11/2019 9:00:00 AM	N475 N201 N388 N434 N291 N162 N329 N202 N260 N492 N325 N80 N302 N384 N473 N316	N469-0 N120-0 N483-0 N378-0 N61-0 N35-0 N13-0 N291-1 N179-1 N311-0 N226-0 N144-0 N11-0 N395-0
251	U12	11/11/2019 9:00:00 AM	N177 N354 N95 N439 N455 N49	N5-0 N105-0 N482-0 N199-0 N191-1 N151-0 N224-0 N459-0 N154-0 N469-0 N330-0 N53-0
252	U88	11/11/2019 9:00:00 AM	N385 N378 N72 N489 N160 N114 N28 N341 N367 N18 N392 N164	N393-0 N266-0 N443-0 N290-0 N356-0 N140-0 N78-0 N355-0 N497-1 N122-0 N294-0 N361-0
253	U52	11/11/2019 9:00:00 AM	N154 N483 N104 N255 N305 N102 N325	N426-1 N415-1 N242-0 N267-0 N340-0 N158-0 N278-0 N228-0
254	U52	11/11/2019 9:00:00 AM	N454 N40 N403 N65 N400 N264 N459 N153 N115 N132 N4	N365-0 N52-0 N473-0 N241-1 N239-0 N66-0 N290-0 N368-0 N496-1 N449-0 N85-0 N485-0 N177-0
255	U2	11/11/2019 9:00:00 AM	N499 N472 N276 N370	N371-1 N0-0 N188-0 N263-0 N266-0 N432-0 N398-0 N239-0 N454-0 N220-1 N451-0 N408-0
256	U85	11/11/2019 9:00:00 AM	N259 N441	N75-0 N56-0 N23-0 N297-0 N495-0 N229-0 N116-0 N419-0 N187-0 N381-1
257	U6	11/11/2019 9:00:00 AM	N27 N429 N360 N497 N194 N183 N322 N87	N113-0 N7-1 N175-0 N278-0 N393-0 N133-0 N499-0
258	U32	11/11/2019 9:00:00 AM		N86-0 N164-0 N274-0 N55-0 N484-0
259	U74	11/11/2019 9:00:00 AM	N155	N383-1 N393-0 N194-0 N409-0 N379-0 N278-0 N76-0 N353-1 N423-1 N320-0 N124-0 N84-1 N11-0 N376-1
260	U94	11/11/2019 9:00:00 AM	N319 N171 N359 N23 N438 N140 N397 N75 N175 N488 N82 N57 N96 N360 N348 N183 N274 N60	N218-0 N59-0 N348-0 N355-0 N196-1 N268-0 N25-0 N417-0 N136-0 N437-0
261	U10	11/11/2019 9:00:00 AM	N320 N453 N341 N234 N350 N100 N431 N492 N286 N357 N30 N440 N484 N266 N201 N194 N344 N288	N348-1 N343-0 N432-0 N105-0 N199-0 N111-0 N17-0
262	U45	11/11/2019 9:00:00 AM	N422	N156-1 N153-0 N45-0 N7-0 N16-0 N155-0
263	U81	11/11/2019 9:00:00 AM		N450-1 N47-0 N436-0 N248-0 N274-0 N120-0 N427-0 N179-0 N297-0 N165-0 N164-1 N157-0 N417-0 N193-0
264	U0	11/11/2019 9:00:00 AM	N177 N490 N495 N170 N173 N208 N211 N362 N358 N340 N25 N326 N460 N0 N152	N452-0 N262-0 N361-0 N164-0 N436-0 N36-0
265	U67	11/11/2019 9:00:00 AM	N265 N59 N188 N363 N458 N191 N494 N186	N172-0 N435-0 N54-0 N394-0 N111-1 N32-0 N189-0 N96-0 N250-0 N324-0 N204-0 N334-1 N467-0
266	U80	11/11/2019 9:00:00 AM	N462 N266 N228 N357 N413 N202 N216 N384 N450 N370 N288 N350 N473	N336-0 N334-0 N427-0 N143-0 N213-0 N149-0 N370-0 N106-0 N394-0 N327-0 N383-0 N475-0
267	U30	11/11/2019 9:00:00 AM	N113 N97 N100 N176 N441 N269	N12-0 N483-0 N191-0 N352-0 N475-0 N81-0 N287-0 N348-1
268	U19	11/11/2019 9:00:00 AM	N202 N418 N227 N463 N349 N169 N100 N464 N448 N382 N364 N414 N473 N240	N53-0 N58-0 N333-0 N465-0 N344-1 N186-0 N290-0 N239-0
269	U14	11/11/2019 9:00:00 AM	N379 N269 N438 N488	N384-0 N11-0 N330-0 N417-0 N450-0 N54-0 N327-0
270	U69	11/11/2019 9:00:00 AM	N65 N238 N130 N142 N354 N17 N58 N11 N154 N470 N36 N394 N468 N488	N328-0 N414-0 N11-0 N276-0 N63-0 N45-0 N364-0 N385-0 N460-0 N98-1 N179-0 N332-0 N133-0 N20-0
271	U45	11/11/2019 9:00:00 AM	N90 N224 N398 N211	N97-0 N326-1 N486-0 N28-0 N139-0 N407-0
272	U47	11/11/2019 9:00:00 AM	N470 N82 N91 N23 N466 N270 N428 N210 N401 N200 N419 N157 N331 N443 N189 N456 N21	N62-0 N196-0 N458-0 N484-0 N188-0
273	U21	11/11/2019 9:00:00 AM	N99	N460-0 N154-0 N143-0 N138-0 N266-0 N399-0 N201-0 N414-0 N496-0 N273-0 N430-0 N258-0 N338-0
274	U65	11/11/2019 9:00:00 AM	N309 N351 N28 N433 N219 N367 N489 N236 N463 N40 N129 N39 N160	N386-0 N1-0 N312-0 N431-0 N84-0 N260-0 N175-0 N148-0 N321-0
275	U23	11/11/2019 9:00:00 AM	N429 N45 N66 N230 N185 N389 N214 N263 N351 N257 N316	N464-0 N417-0 N470-0 N151-1 N371-0 N200-0
276	U2	11/11/2019 9:00:00 AM	N121 N351 N385 N35 N465	N206-1 N335-1 N365-0 N87-0 N256-0
277	U65	11/11/2019 9:00:00 AM	N385 N396 N412 N68 N292 N345 N48 N413 N301 N129 N143 N236	N495-0 N259-0 N337-0 N345-0 N193-0 N462-0 N366-0 N186-0 N278-0 N340-0
278	U99	11/11/2019 9:00:00 AM	N23 N294 N477 N82 N306	N273-0 N463-0 N454-0 N63-1 N429-0 N42-0 N345-0 N167-0 N363-0 N48-0 N109-0 N406-0 N357-0 N468-0
279	U43	11/11/2019 9:00:00 AM	N277 N155 N121 N307 N114 N264	N55-0 N7-0 N177-0 N461-0 N212-0 N327-0 N360-1 N473-0
280	U35	11/11/2019 9:00:00 AM	N37 N116 N10 N358 N237 N398 N319 N297 N365 N197 N140 N247	N39-0 N434-0 N389-0 N390-0 N309-1 N344-0 N69-0 N410-1 N401-0
281	U52	11/11/2019 9:00:00 AM	N180 N133 N264 N57 N98 N457 N51 N454 N38 N352 N199 N31 N40 N193 N366	N485-0 N467-1 N383-0 N195-0 N393-0 N325-0 N112-0 N348-0 N478-0 N293-0 N131-0 N484-0 N451-0
282	U87	11/11/2019 9:00:00 AM	N319 N278 N421 N438 N182 N254 N96 N477 N24	N119-0 N141-0 N228-0 N450-0 N461-0
283	U2	11/11/2019 9:00:00 AM	N261 N11 N459 N392 N276 N292 N68 N491 N283 N77 N379 N48 N28 N377 N487	N75-0 N190-0 N412-1 N352-0 N358-0 N202-0 N393-0 N183-0 N335-0 N305-1 N143-0 N264-0
284	U33	11/11/2019 9:00:00 AM	N77 N56 N379 N452 N476 N227 N220 N235 N114 N143 N129 N307 N489 N195 N463 N68 N292	N434-0 N354-0 N488-0 N412-1 N181-0 N191-0 N355-0 N362-0
285	U48	11/11/2019 9:00:00 AM	N197 N466 N236 N150 N483 N161 N419 N78	N57-0 N207-0 N497-1 N404-0 N245-0 N121-1 N202-0
286	U64	11/11/2019 9:00:00 AM		N417-1 N144-0 N410-0 N421-0 N311-0 N22-1 N133-0 N340-0
287	U71	11/11/2019 9:00:00 AM	N418 N88 N96 N33 N171 N412 N60 N19 N182 N360	N479-0 N475-0 N316-0 N335-0 N216-0 N360-1 N477-1 N387-1 N481-0 N384-0
288	U50	11/11/2019 9:00:00 AM	N130 N287 N80 N5 N58	N111-0 N328-0 N423-0 N203-1 N179-1 N232-0 N354-1
289	U53	11/11/2019 9:00:00 AM	N362 N118 N211 N460 N133 N380 N198 N178 N472	N128-0 N399-0 N441-0 N253-0 N109-0 N8-0 N414-0 N20-0 N226-0 N387-0 N303-0 N331-0
290	U4	11/11/2019 9:00:00 AM	N132 N227 N58 N449 N51 N282 N98 N454 N425 N79 N215 N159	N418-0 N230-0 N265-0 N46-0 N243-0 N337-0 N255-1 N270-1 N267-0 N338-1 N304-0 N306-0 N370-0 N133-0
291	U98	11/11/2019 9:00:00 AM	N37 N366 N288 N440 N344 N384 N473 N128 N243 N469 N418 N162 N364 N320 N407	N432-0 N389-0 N466-0 N297-1 N225-1 N437-1 N58-0 N465-0 N278-0 N301-0 N263-0 N90-1 N339-0 N219-0
292	U73	11/11/2019 9:00:00 AM	N455 N232 N160 N307 N43	N85-0 N27-0 N483-0 N440-1 N494-0 N492-0 N430-1 N368-0 N99-0 N435-0
293	U69	11/11/2019 9:00:00 AM	N142 N264 N104 N180 N11 N354 N462 N480 N371 N51 N478 N374 N115 N405 N132 N219 N24 N124	N483-0 N264-1 N45-0 N123-0 N408-0 N380-0 N278-0 N172-0 N314-0 N86-0 N297-0 N231-0 N142-1
294	U96	11/11/2019 9:00:00 AM	N195 N366 N440 N155 N390 N283 N125	N255-0 N295-0 N486-0 N67-0 N449-0 N451-0 N172-0 N273-0 N368-0 N214-0 N317-0
295	U11	11/11/2019 9:00:00 AM	N254 N435 N483 N405 N17	N432-0 N245-0 N85-0 N337-0 N63-0 N393-0
296	U16	11/11/2019 9:00:00 AM	N355 N177 N271 N496 N485	N136-0 N417-0 N211-0 N45-0 N389-0 N209-0 N462-0 N87-0 N131-0 N407-0 N315-0 N206-0 N325-0 N441-0
297	U49	11/11/2019 9:00:00 AM	N246 N35 N158 N347 N69 N404 N21 N263 N432 N442 N414	N147-1 N324-0 N261-0 N129-0 N150-0 N166-0
298	U54	11/11/2019 9:00:00 AM	N280 N89 N436 N200 N157 N94 N484 N443 N287 N356 N261 N361 N285 N217 N150 N470 N482 N466	N168-0 N380-0 N496-0 N451-0 N156-0 N79-0 N113-0 N202-0 N108-0 N329-0 N304-0 N36-0
299	U77	11/11/2019 9:00:00 AM	N14 N65 N158 N147 N226 N284 N54 N325 N329 N165 N83	N200-0 N425-0 N439-0 N72-0 N391-0 N190-0 N256-0 N7-0 N92-1 N361-0 N475-0
300	U63	11/11/2019 9:00:00 AM	N274 N302 N33 N25 N298 N328 N346 N19 N496 N23 N75 N338 N475 N281 N422 N254 N5 N334	N476-0 N135-0 N39-0 N237-0 N110-0 N60-1 N360-0 N368-1 N423-0 N165-0 N53-0 N293-0 N348-0 N93-0
301	U17	11/11/2019 9:00:00 AM	N215	N10-0 N310-0 N136-0 N78-0 N431-1 N1-0
302	U90	11/11/2019 9:00:00 AM	N450 N70	N421-0 N36-0 N398-0 N400-0 N50-0 N214-0 N301-0 N493-1 N152-0 N142-0 N483-0 N285-0
303	U12	11/11/2019 9:00:00 AM	N494 N223 N25 N181 N174 N271 N369 N62 N71	N149-0 N293-0 N203-0 N167-0 N144-0 N184-0 N423-0 N304-0 N156-0 N329-0
304	U29	11/11/2019 9:00:00 AM	N207 N115 N104 N199 N483 N422 N312 N374 N79 N72 N319 N181 N300 N435 N286 N268	N236-0 N250-0 N185-0 N274-0 N193-0 N363-0 N240-0
305	U22	11/11/2019 9:00:00 AM	N331 N344 N377 N388 N198 N70 N39 N445 N242 N317 N401 N189 N29 N43 N2 N280 N270 N34 N138	N271-0 N14-1 N372-0 N431-0 N342-0 N222-0 N338-0 N163-0 N203-0 N258-0 N178-0
306	U10	11/11/2019 9:00:00 AM	N168 N448 N493 N286 N289	N274-0 N11-1 N373-0 N287-0 N144-0 N189-0
307	U9	11/11/2019 9:00:00 AM	N143 N452	N438-0 N247-0 N14-0 N255-0 N58-1 N302-0 N376-0 N489-0
308	U97	11/11/2019 9:00:00 AM		N312-0 N52-0 N142-0 N47-0 N48-0 N91-1 N133-0 N84-0 N344-0 N223-0 N77-0
309	U21	11/11/2019 9:00:00 AM		N68-0 N443-0 N303-0 N28-0 N263-0 N440-0 N100-0 N306-0
310	U97	11/11/2019 9:00:00 AM	N140 N353 N59 N190 N199 N19 N10 N358 N176 N170	N179-0 N239-1 N55-0 N77-0 N402-0 N472-0 N106-0 N373-0 N367-0 N57-0 N382-0
311	U17	11/11/2019 9:00:00 AM	N96 N422 N20 N441 N199 N1 N75 N76 N278	N415-1 N9-0 N84-0 N333-0 N399-0 N184-0 N97-0 N4-0 N315-0 N141-0
312	U30	11/11/2019 9:00:00 AM		N203-0 N426-0 N93-1 N369-0 N346-0 N342-0 N11-0 N469-0 N440-0 N334-0 N323-0
313	U78	11/11/2019 9:00:00 AM	N185 N224 N329 N33 N27 N21 N437 N54 N476 N347 N163	N467-0 N65-0 N185-0 N256-0 N164-0 N321-1 N299-0 N367-0 N357-0 N250-0 N245-0
314	U26	11/11/2019 9:00:00 AM	N236 N268	N295-0 N52-0 N131-0 N471-0 N242-0 N75-0
315	U72	11/11/2019 9:00:00 AM	N341 N87 N189 N424 N280 N261 N210 N317 N129 N242 N417 N173	N461-1 N7-0 N458-0 N442-0 N249-1 N270-0 N255-0 N162-0 N426-1 N276-1 N200-0
316	U39	11/11/2019 9:00:00 AM	N266 N189 N14 N200 N249 N73 N244	N35-0 N375-0 N125-0 N447-0 N394-0 N28-0 N79-0 N85-0
317	U18	11/11/2019 9:00:00 AM	N85 N383 N397 N477 N479 N171 N295 N346 N119 N175 N191 N123 N126 N179 N319	N139-0 N421-0 N474-0 N67-1 N64-0 N390-0 N396-0 N355-0 N197-0 N106-0 N224-0
318	U12	11/11/2019 9:00:00 AM	N263 N74 N46 N87 N375 N495 N411	N57-0 N303-0 N353-0 N415-0 N292-0 N109-0 N335-0 N444-0 N331-0 N80-0 N495-0 N30-0 N470-0 N99-0
319	U6	11/11/2019 9:00:00 AM	N322 N293	N378-0 N493-0 N199-0 N263-0 N457-0 N235-0 N163-0 N339-1 N467-0 N109-0
320	U80	11/11/2019 9:00:00 AM	N492 N133 N245 N493 N357 N286 N434 N117 N250 N51 N475 N21	N364-1 N480-0 N242-0 N420-0 N44-0 N173-0 N342-0 N474-0 N350-0 N416-0 N159-0 N451-0 N138-0
321	U9	11/11/2019 9:00:00 AM	N458 N318 N303 N15 N47 N488 N290 N334 N49 N213 N411 N74 N485 N308 N105	N211-0 N392-0 N231-0 N494-0 N308-0 N294-1 N248-0 N291-0 N456-0 N104-0 N482-0
322	U45	11/11/2019 9:00:00 AM	N133 N495 N58 N340 N208 N8 N365 N391 N170 N190 N102 N462 N341 N145 N231 N326 N107 N152 N200	N472-0 N14-0 N1-1 N201-0 N430-0
323	U51	11/11/2019 9:00:00 AM	N427 N319 N36 N346 N320 N285 N23	N210-0 N446-0 N334-1 N139-0 N36-1 N406-0 N466-0 N269-1 N202-1
324	U17	11/11/2019 9:00:00 AM	N463 N244 N422 N368 N240 N82 N96 N29	N118-0 N493-0 N327-0 N305-0 N454-0 N443-0 N203-0 N220-0 N347-0 N314-0 N135-0
325	U38	11/11/2019 9:00:00 AM	N248	N153-0 N143-0 N130-0 N229-0 N458-0 N368-0 N122-1 N389-0 N52-0 N319-1
326	U18	11/11/2019 9:00:00 AM	N430 N320 N240 N273 N244 N96 N329 N282 N263 N217 N56 N254 N338 N342 N29 N247 N319 N295	N477-1 N322-0 N145-0 N404-0 N154-0 N147-0 N8-0 N266-0 N99-0 N106-0 N94-0 N441-0 N89-0
327	U4	11/11/2019 9:00:00 AM	N366 N281	N348-0 N499-0 N484-0 N242-0 N334-0
328	U9	11/11/2019 9:00:00 AM	N191 N162 N105 N186 N89 N174 N102 N177 N354 N337 N334 N49 N458 N315 N355	N428-0 N130-0 N2-0 N168-0 N201-0 N333-0 N147-0 N455-0 N354-0 N217-0
329	U34	11/11/2019 9:00:00 AM	N261 N187 N135 N388 N50 N293 N421 N370 N440 N288 N285 N424 N67	N260-0 N63-0 N357-0 N325-0 N6-0 N291-0 N180-0 N214-0 N268-0 N376-0 N50-0 N149-0
330	U74	11/11/2019 9:00:00 AM	N359 N133 N152 N139 N233 N340 N208 N71 N230 N149 N167 N277 N10 N59 N285 N129 N324 N178	N119-0 N189-0 N344-0 N339-0 N18-0 N373-0
331	U66	11/11/2019 9:00:00 AM	N167 N486 N29 N164 N338 N473 N36 N25 N383 N33 N269 N226 N302 N328 N44 N217 N430	N367-0 N237-0 N187-0 N189-0 N61-0 N380-0 N30-0
332	U14	11/11/2019 9:00:00 AM	N109 N20 N428 N392 N85 N75 N67 N328 N254 N479 N240 N76 N496 N340 N360 N182 N82 N136 N269	N22-0 N291-1 N447-0 N180-0 N449-0 N56-0
333	U43	11/11/2019 9:00:00 AM	N351 N455 N392 N235 N121 N292 N453 N38 N479 N195 N188 N309 N232 N129 N164 N348 N412 N125	N437-0 N203-0 N241-1 N200-0 N450-0 N322-1 N315-0 N454-0 N215-0
334	U8	11/11/2019 9:00:00 AM	N440 N195 N220 N232 N114 N304 N432 N309 N487 N455 N481 N272 N121 N356 N433 N499 N420 N495	N295-0 N123-0 N436-0 N330-0 N302-0 N434-0 N394-0 N448-0 N21-0 N139-1 N371-0 N50-0 N13-0 N350-0
335	U44	11/11/2019 9:00:00 AM	N216 N68	N43-0 N348-0 N73-0 N55-0 N233-0 N406-0 N114-0 N420-0 N385-0 N492-0 N439-0
336	U22	11/11/2019 9:00:00 AM	N482 N456 N309 N362 N445 N293	N119-0 N428-0 N495-0 N485-0 N81-1 N88-0 N103-0 N20-0 N446-1 N26-0 N298-1 N439-0 N342-0 N383-0
337	U59	11/11/2019 9:00:00 AM	N201 N362	N323-0 N494-0 N413-0 N470-0 N60-0
338	U40	11/11/2019 9:00:00 AM	N283 N51 N155 N455	N143-1 N364-1 N455-1 N378-0 N333-0 N40-0 N328-0 N228-0
339	U85	11/11/2019 9:00:00 AM	N282 N345	N68-0 N464-1 N278-0 N282-1 N126-0 N301-1 N26-0 N73-0 N137-0
340	U84	11/11/2019 9:00:00 AM		N375-0 N107-0 N346-0 N100-1 N209-0 N271-0
341	U89	11/11/2019 9:00:00 AM	N382 N250 N279 N201 N277 N364 N326 N357 N120 N37 N137 N418 N54 N260 N407 N134 N16 N80	N108-0 N375-0 N474-0 N168-0 N220-0 N374-0 N29-0 N372-1 N286-0 N186-0 N460-0 N453-1 N201-1
342	U19	11/11/2019 9:00:00 AM	N450 N323	N333-0 N355-0 N293-0 N78-0 N39-0 N169-0 N48-0
343	U58	11/11/2019 9:00:00 AM	N446 N19 N466 N285 N469 N1	N55-0 N352-0 N264-1 N498-0 N298-0 N287-0 N372-0 N86-0 N101-0 N313-0 N490-0 N72-0
344	U3	11/11/2019 9:00:00 AM	N34 N481 N79 N367 N195 N122	N376-0 N121-0 N317-1 N155-1 N89-0 N384-0 N151-0 N78-0 N179-0 N290-0 N331-0 N124-0 N490-0 N108-0
345	U16	11/11/2019 9:00:00 AM	N372 N49 N15	N312-0 N425-1 N229-1 N470-0 N32-0 N407-0 N486-0 N390-0
346	U48	11/11/2019 9:00:00 AM	N293 N78 N68 N150	N401-1 N164-0 N328-0 N117-0 N219-0 N458-0 N298-0 N186-0 N301-0 N181-1 N10-0 N391-0 N121-0 N404-0
347	U11	11/11/2019 9:00:00 AM	N255 N219 N208	N244-0 N483-1 N460-0 N476-0 N281-1 N271-0 N296-0 N90-0 N68-0 N174-0 N234-0
348	U18	11/11/2019 9:00:00 AM	N422 N179 N44 N326 N480 N85	N24-0 N105-0 N439-0 N360-0 N310-0 N139-0 N322-0 N450-0 N7-0 N25-1
349	U39	11/11/2019 9:00:00 AM	N285 N463 N200 N317 N173 N39 N67 N193 N112 N417 N339 N403 N441 N118	N476-0 N315-0 N215-0 N359-1 N317-1 N251-0 N278-0
350	U85	11/11/2019 9:00:00 AM	N493 N179 N85 N175 N93 N207 N274 N20 N19 N76 N393 N18 N427	N67-0 N176-0 N260-1 N52-0 N412-0 N177-0 N368-1 N227-0 N409-0 N156-0 N393-0 N414-1
351	U65	11/11/2019 9:00:00 AM	N235 N465 N164 N195 N67 N50 N392 N472 N193 N143 N489 N160	N241-0 N65-0 N207-0 N99-0 N451-0 N461-0 N432-0 N316-0 N497-0 N137-0 N46-0 N483-0
352	U13	11/11/2019 9:00:00 AM	N159 N51 N457 N172	N403-1 N237-0 N492-0 N395-0 N262-0 N83-0 N184-0 N255-0 N96-0 N470-0
353	U12	11/11/2019 9:00:00 AM	N313 N337 N271 N221 N53 N276 N412 N311 N44 N192 N383 N368 N124 N458 N494 N395 N452 N431 N62	N185-0 N398-0 N463-1 N431-1 N258-0 N194-0
354	U94	11/11/2019 9:00:00 AM	N51 N25 N362 N348 N430 N93 N29 N171 N428 N334 N76 N278 N274 N109 N175	N129-0 N261-0 N292-0 N217-1 N249-0 N136-0 N152-0 N74-0 N157-0 N115-0 N381-0 N220-0 N334-0 N415-0
355	U37	11/11/2019 9:00:00 AM	N338 N430 N75 N63 N253	N457-0 N10-1 N287-0 N145-0 N393-0
356	U94	11/11/2019 9:00:00 AM	N440 N479	N146-0 N493-0 N331-0 N237-0 N369-0
357	U42	11/11/2019 9:00:00 AM	N319 N282 N348 N302 N111	N18-0 N135-0 N373-0 N291-1 N117-0 N380-0 N327-0 N466-0 N127-0 N469-0 N159-0 N46-0 N329-0
358	U37	11/11/2019 9:00:00 AM	N97 N29 N278 N78 N254 N346 N200 N282	N466-0 N311-0 N487-0 N238-0 N476-0 N33-1 N180-0 N465-0 N0-0 N400-0 N447-0 N251-0 N366-0
359	U54	11/11/2019 9:00:00 AM	N361 N419 N2 N31 N135 N331 N118 N106 N7	N275-0 N57-1 N412-0 N199-0 N225-0 N400-0 N36-0
360	U75	11/11/2019 9:00:00 AM		N52-0 N359-0 N439-0 N22-0 N254-0 N495-0 N223-0 N169-0 N417-0 N379-0 N307-0 N209-0 N142-0
361	U82	11/11/2019 9:00:00 AM	N175 N311 N371 N411 N275	N185-0 N145-0 N216-0 N194-0 N38-0 N368-0 N435-0 N40-0 N331-0 N312-0
362	U47	11/11/2019 9:00:00 AM	N326 N474 N410 N442	N120-0 N283-0 N157-1 N137-0 N466-0 N185-0 N447-0
363	U76	11/11/2019 9:00:00 AM	N424 N419 N418 N14 N389 N94 N470 N261	N480-0 N69-0 N202-0 N455-0 N107-0 N306-0 N207-0 N424-0 N470-0
364	U48	11/11/2019 9:00:00 AM	N173 N157 N21 N424 N361 N474 N499 N193 N466 N95 N2 N470	N160-0 N4-0 N440-0 N493-0 N463-0 N121-0 N203-0 N341-0 N280-1 N283-0 N382-0
365	U14	11/11/2019 9:00:00 AM	N302 N294 N477 N190 N76 N244 N97 N274 N18 N63 N432 N360 N93 N362 N269	N386-0 N301-0 N156-0 N207-0 N239-0 N54-0 N441-0 N447-0 N60-1
366	U35	11/11/2019 9:00:00 AM	N166 N176 N167 N136 N42 N426 N90	N161-0 N146-0 N257-0 N447-1 N326-1 N50-0 N119-0
367	U37	11/11/2019 9:00:00 AM	N383 N301 N60 N273 N260 N282 N477 N82 N461 N61 N428 N281 N175	N168-0 N75-1 N496-0 N109-1 N326-0
368	U38	11/11/2019 9:00:00 AM	N437 N253 N351	N83-0 N383-1 N444-0 N60-0 N240-0 N252-1 N493-0 N38-0 N97-0 N163-0 N311-0 N218-0 N19-0 N476-0
369	U59	11/11/2019 9:00:00 AM		N106-0 N231-0 N407-0 N213-0 N98-0 N411-0 N87-0 N338-0 N288-1
370	U95	11/11/2019 9:00:00 AM	N242 N467 N343 N19 N118 N463 N419 N331 N157 N388 N261 N424 N46	N312-0 N46-1 N55-0 N494-0 N182-0 N447-0 N325-1 N184-0 N268-0 N304-0 N306-0 N193-0 N28-0 N355-0
371	U40	11/11/2019 9:00:00 AM	N351 N331 N392 N463	N357-0 N210-0 N321-0 N432-1 N417-0 N258-0 N90-0 N290-0 N240-0 N201-0 N40-0 N84-0 N409-0
372	U99	11/11/2019 9:00:00 AM	N392 N295 N430 N93 N175 N97 N120 N29 N217 N281 N25 N96 N44 N103 N244	N338-0 N242-0 N237-0 N316-0 N183-0 N37-0
373	U19	11/11/2019 9:00:00 AM	N52 N93 N229 N243 N169 N100	N104-0 N304-0 N495-0 N125-0 N412-0 N422-0 N145-0 N328-0
374	U55	11/11/2019 9:00:00 AM	N381 N296 N170 N460 N130 N167 N136 N340 N59 N401 N237 N152 N179	N229-0 N88-0 N334-0 N114-0 N401-0 N86-0 N375-0 N437-0 N357-0 N89-0
375	U50	11/11/2019 9:00:00 AM	N468 N426 N454 N230 N24 N229	N65-1 N295-0 N153-1 N141-0 N179-0 N286-0 N247-1 N134-0 N344-0 N39-1 N345-0 N78-0
376	U51	11/11/2019 9:00:00 AM	N328 N33 N273 N383 N362 N25 N171 N79 N109	N106-0 N398-0 N235-0 N111-0 N487-0 N242-0
377	U11	11/11/2019 9:00:00 AM	N239 N11 N442 N354 N108	N489-0 N440-0 N459-0 N24-0 N368-0 N339-0 N212-1 N183-0 N197-0 N385-1
378	U70	11/11/2019 9:00:00 AM	N5 N314 N415 N470 N491 N199 N79 N110	N226-0 N338-0 N176-0 N113-0 N491-0 N118-0 N200-0
379	U10	11/11/2019 9:00:00 AM	N413 N403 N12 N201 N450 N464 N260 N288 N344 N449	N339-0 N223-0 N22-0 N79-0 N460-0 N67-0 N357-0 N417-0
380	U88	11/11/2019 9:00:00 AM		N28-1 N399-1 N454-0 N144-0 N288-1 N9-0 N372-0 N466-0 N57-0
381	U48	11/11/2019 9:00:00 AM	N377 N317 N270 N371 N85 N39 N261 N266 N189 N401 N91 N146 N339 N373 N343	N393-1 N343-0 N106-0 N355-0 N309-0 N277-0 N15-0 N300-0 N177-0 N111-0 N115-0 N341-0 N213-0 N166-0
382	U56	11/11/2019 9:00:00 AM	N220 N61 N263 N109	N184-0 N0-0 N60-1 N215-0 N258-0 N434-0 N120-0 N316-0 N341-0 N487-0
383	U35	11/11/2019 9:00:00 AM	N310 N145 N149 N490 N152 N12 N423 N133 N246 N409 N315 N167 N140 N495	N411-1 N196-0 N264-0 N261-0 N310-0
384	U70	11/11/2019 9:00:00 AM	N363 N203 N31 N199	N433-0 N257-1 N385-0 N377-0 N125-0 N180-1 N378-0 N268-1 N247-1 N428-0
385	U37	11/11/2019 9:00:00 AM	N278 N342 N19 N171 N230 N428 N453 N93 N217 N97 N36 N244 N263 N488 N351 N86 N175 N228	N335-0 N330-0 N465-0 N485-0 N26-0 N179-1 N101-0 N242-0 N131-0 N313-0
386	U90	11/11/2019 9:00:00 AM	N286 N162 N448 N79 N492 N384 N450 N475 N407 N115 N128 N243 N320 N344 N136	N435-0 N28-0 N35-0 N114-0 N196-0
387	U93	11/11/2019 9:00:00 AM	N173 N195 N272 N283 N180 N48 N481 N160 N79 N262 N412 N232 N465 N396 N68 N114 N392 N64	N373-1 N411-0 N263-0 N207-0 N384-0 N444-0 N229-0 N54-0 N155-0 N320-0 N469-0 N336-0 N89-0
388	U32	11/11/2019 9:00:00 AM	N326 N290 N471 N324 N459 N336 N190 N362 N310 N241 N178 N208 N415 N280 N136 N170 N73 N211 N8	N67-0 N84-1 N457-0 N45-0 N101-1 N86-0 N139-1 N197-0 N443-0 N255-0 N16-0 N278-0 N150-0
389	U99	11/11/2019 9:00:00 AM	N332 N348 N254 N44 N346 N171 N490 N182	N103-0 N446-0 N279-0 N376-0 N37-0 N477-0
390	U64	11/11/2019 9:00:00 AM	N18 N36 N422 N342 N383 N199 N427 N359	N116-0 N465-0 N410-0 N478-0 N170-0 N19-1 N204-0 N202-0
391	U99	11/11/2019 9:00:00 AM	N397 N316 N96	N489-0 N4-0 N201-0 N229-0 N322-1 N108-0 N378-0 N352-0 N341-0 N114-0 N8-0 N400-0 N318-0
392	U44	11/11/2019 9:00:00 AM		N238-0 N128-0 N124-0 N461-0 N456-0 N287-0 N68-0 N244-0 N484-0
393	U14	11/11/2019 9:00:00 AM	N499 N328 N60 N29 N430 N173 N438 N269 N294 N44 N335 N428 N302 N76	N52-0 N281-1 N318-0 N81-0 N137-0 N484-1 N428-1 N436-0 N15-0 N145-0 N203-0 N357-0 N41-0
394	U95	11/11/2019 9:00:00 AM	N323 N67 N94 N428 N118 N135 N138 N13 N144 N64 N419 N407 N43 N157	N13-0 N152-0 N260-1 N140-0 N392-0 N304-0 N59-0 N127-0 N329-0 N467-1 N124-0 N162-0 N93-0 N346-0
395	U49	11/11/2019 9:00:00 AM	N276 N92 N444 N429 N257 N119 N476 N206 N406 N272 N194 N127 N230 N144	N129-0 N473-0 N444-0 N324-0 N35-1 N490-0 N346-0 N232-0 N60-0 N479-0
396	U48	11/11/2019 9:00:00 AM	N146 N356 N482 N467 N293 N457 N175 N94 N335	N279-0 N428-0 N390-0 N403-0 N456-1 N140-0 N415-0 N245-0 N310-0 N496-0 N64-0
397	U24	11/11/2019 9:00:00 AM	N444 N391 N204 N141 N199 N425 N11 N454 N298 N279	N481-0 N91-0 N70-0 N341-0 N230-0 N396-0
398	U90	11/11/2019 9:00:00 AM	N70 N267 N350 N169 N484 N290 N473 N449 N30 N94 N464 N172 N387 N228 N193 N418 N407 N288	N114-0 N475-0 N194-0 N393-0 N19-0 N18-0 N366-0 N296-0 N95-0
399	U36	11/11/2019 9:00:00 AM		N375-0 N43-0 N353-0 N490-0 N417-0 N380-0 N219-0 N77-0 N40-1 N115-0 N108-0 N493-0 N388-0
400	U64	11/11/2019 9:00:00 AM	N29 N126	N127-0 N84-0 N266-0 N440-0 N101-0 N268-0 N400-0 N321-0 N130-0 N254-0 N371-0 N91-0 N285-0
401	U50	11/11/2019 9:00:00 AM	N153 N115 N494	N241-0 N474-0 N113-0 N374-0 N272-0
402	U23	11/11/2019 9:00:00 AM	N148 N55 N45 N41 N222 N35 N414 N400 N226 N408 N69 N457 N327 N237 N7	N266-1 N386-0 N59-0 N125-0 N35-0 N257-1 N469-0 N346-0 N167-0 N216-0 N69-0 N328-0
403	U75	11/11/2019 9:00:00 AM	N432 N250 N374 N278 N383 N486 N430 N123 N240 N263 N18 N244 N488	N203-0 N307-1 N14-0 N31-1 N391-0 N39-0 N83-0 N108-0 N50-0 N189-0
404	U78	11/11/2019 9:00:00 AM	N222 N183 N480 N92 N329 N251 N143 N360 N230	N291-0 N497-1 N77-0 N258-0 N23-0 N467-0 N177-0 N460-0 N496-0 N72-0 N94-0 N79-0 N489-0
405	U8	11/11/2019 9:00:00 AM	N472 N137 N489	N222-0 N93-0 N424-0 N350-0 N264-0
406	U24	11/11/2019 9:00:00 AM	N31 N130 N244 N299 N39 N65 N38 N478 N468 N437 N180 N124 N393 N204 N312	N254-0 N416-0 N489-0 N214-1 N434-1 N395-0 N443-0 N52-0 N168-0 N190-0 N450-0 N36-1
407	U57	11/11/2019 9:00:00 AM	N121 N474 N91 N410 N138 N457 N187 N106 N497 N293 N445 N2 N421	N457-0 N441-0 N12-0 N446-0 N42-0 N154-1
408	U16	11/11/2019 9:00:00 AM	N418 N221 N332 N46 N311 N369 N457 N334 N333 N275 N458 N319 N471 N411	N256-0 N244-0 N377-1 N324-0 N24-0 N90-0 N371-0 N2-0 N126-0
409	U71	11/11/2019 9:00:00 AM	N109 N76 N22 N88 N321 N486 N397 N278 N360 N254 N86 N240 N488 N311 N496 N340 N269 N60	N146-0 N27-0 N30-0 N347-0 N130-0 N131-0
410	U87	11/11/2019 9:00:00 AM	N397 N292	N347-0 N458-0 N295-1 N195-0 N256-0 N175-1 N313-0
411	U57	11/11/2019 9:00:00 AM	N161 N370 N467 N101 N300 N401 N323 N249 N410 N94 N197 N280 N150 N327 N394	N16-0 N26-0 N392-0 N480-0 N211-0 N113-0 N92-0
412	U81	11/11/2019 9:00:00 AM	N465 N235 N351 N391	N111-0 N123-0 N155-0 N314-0 N169-0 N42-0 N476-0 N128-0 N329-0 N290-0 N306-0 N181-0 N240-0 N470-0
413	U7	11/11/2019 9:00:00 AM	N216 N458 N37 N436 N288 N250 N243 N349 N478 N137 N252 N100 N418	N361-0 N321-0 N153-0 N381-0 N30-0 N246-0 N262-0 N142-0
414	U13	11/11/2019 9:00:00 AM	N55 N126 N142 N457 N238 N463 N115 N154 N31 N196 N255	N122-1 N223-0 N8-0 N363-0 N271-0 N335-0 N260-0 N243-0 N454-1 N84-0 N37-0
415	U1	11/11/2019 9:00:00 AM		N390-0 N111-0 N417-0 N239-0 N265-0 N200-0 N384-0 N89-0 N316-1 N318-0 N472-0 N359-0
416	U57	11/11/2019 9:00:00 AM	N435	N176-0 N128-0 N67-1 N289-0 N410-0 N421-0 N139-0 N72-0 N3-0 N429-0 N416-0 N259-0 N226-1
417	U57	11/11/2019 9:00:00 AM	N482 N442 N323 N39 N452	N219-0 N50-0 N197-0 N266-0 N241-0 N389-0
418	U44	11/11/2019 9:00:00 AM	N450 N137 N157 N243 N80 N169 N178 N248	N53-0 N178-0 N480-0 N361-1 N73-0 N234-0 N325-1
419	U25	11/11/2019 9:00:00 AM		N189-0 N471-0 N485-1 N356-0 N472-0
420	U48	11/11/2019 9:00:00 AM	N42 N330	N336-0 N20-0 N478-0 N97-0 N190-0 N448-0
421	U98	11/11/2019 9:00:00 AM	N399 N262	N88-0 N459-0 N51-0 N164-0 N65-0
422	U57	11/11/2019 9:00:00 AM	N477 N446 N374 N261 N157 N249	N377-0 N465-1 N81-1 N110-0 N212-0 N385-0 N472-1 N295-0 N404-0 N357-0
423	U38	11/11/2019 9:00:00 AM	N417 N40 N279 N1	N211-1 N353-0 N97-0 N386-1 N238-0 N460-0 N480-0
424	U1	11/11/2019 9:00:00 AM	N114 N0 N225 N495 N391 N358 N198 N199 N136 N403 N389 N71 N289 N204 N170	N146-0 N76-0 N397-0 N284-0 N311-0 N436-0 N230-0 N462-0 N498-0 N430-0
425	U22	11/11/2019 9:00:00 AM	N112 N146 N94 N81 N405 N150 N474 N249 N492 N118 N293 N40 N135 N68 N401 N456 N78	N9-0 N3-1 N337-0 N269-0 N146-1 N223-0 N393-0 N493-0 N163-0 N246-0 N467-1 N134-0
426	U28	11/11/2019 9:00:00 AM	N394 N361 N415 N447 N31 N199 N5 N231 N366 N494 N130	N312-0 N179-0 N447-0 N49-0 N155-0 N84-0 N43-0
427	U55	11/11/2019 9:00:00 AM	N311	N439-0 N374-0 N447-0 N277-1 N35-1 N69-0 N414-0 N242-0 N72-0 N39-0 N149-0 N367-0 N295-0
428	U45	11/11/2019 9:00:00 AM	N336 N391 N211 N178 N381 N289 N216 N351 N296 N208 N423 N340 N365 N231 N24	N393-0 N227-0 N154-0 N123-0 N283-0 N370-0 N115-0 N330-0 N421-0 N414-0 N418-0 N327-0 N329-1 N11-0
429	U5	11/11/2019 9:00:00 AM	N341 N120 N73 N233 N248 N320 N382 N349 N228 N475 N181 N252 N117 N407 N288 N212 N46	N264-0 N0-0 N314-0 N453-0 N417-0 N239-0
430	U57	11/11/2019 9:00:00 AM		N421-0 N14-0 N279-0 N88-0 N237-0 N381-1 N109-0 N229-0 N130-0 N240-0 N163-0
431	U63	11/11/2019 9:00:00 AM	N59 N376 N23 N97 N60 N18 N273	N255-0 N76-0 N195-0 N361-0 N479-1 N45-0
432	U57	11/11/2019 9:00:00 AM	N469 N456 N64 N81 N107	N119-0 N192-0 N287-0 N114-1 N258-0 N370-0 N41-0 N257-0 N433-0 N327-1 N96-0 N403-0
433	U74	11/11/2019 9:00:00 AM	N107 N409 N340 N237 N290 N444 N353 N299 N326 N133 N403 N381 N136 N430	N377-0 N383-0 N128-0 N379-0 N62-0 N263-0 N114-0
434	U35	11/11/2019 9:00:00 AM	N84 N290 N90 N324 N417 N190 N247 N490 N149 N157 N390 N373 N140 N32 N139 N59 N209 N436 N336	N199-0 N177-0 N182-0 N166-1 N244-0 N62-0 N241-0
435	U20	11/11/2019 9:00:00 AM	N310 N443 N133 N164 N136 N391 N139 N390 N490 N198 N227 N406 N237 N167 N336 N289 N359	N273-0 N283-0 N450-0 N19-0 N213-0 N170-1 N231-1 N432-0 N449-0 N219-0 N498-0 N185-0 N323-0
436	U21	11/11/2019 9:00:00 AM	N412 N143 N215 N235 N379	N388-0 N358-0 N266-0 N210-0 N458-0 N340-0 N435-0
437	U31	11/11/2019 9:00:00 AM	N5 N311 N458 N202 N485 N47 N452 N46 N371 N74 N385 N15 N368 N302 N124 N334	N452-1 N49-0 N212-0 N84-0 N217-0 N339-0 N233-0 N384-1 N22-0 N218-0 N38-0 N450-0 N259-0
438	U70	11/11/2019 9:00:00 AM	N11 N299 N88 N298 N5 N8 N457 N405 N238 N219	N234-0 N453-0 N349-0 N180-0 N177-0 N13-1 N367-0 N152-0 N75-0 N429-0 N275-0 N467-0 N258-0
439	U90	11/11/2019 9:00:00 AM	N82 N344	N117-1 N241-0 N78-0 N177-0 N371-0 N320-1 N137-1 N453-1
440	U18	11/11/2019 9:00:00 AM	N86 N346 N75 N173 N281 N477 N23 N123 N195 N96	N371-0 N158-0 N433-0 N293-0 N4-0 N273-0 N30-0 N472-0 N25-1 N394-0
441	U81	11/11/2019 9:00:00 AM	N489 N283 N465 N347 N34 N301 N14 N44 N459 N48 N472 N232	N11-0 N390-0 N79-0 N103-0 N3-0 N467-0 N133-0 N427-0 N490-0
442	U58	11/11/2019 9:00:00 AM	N401 N327 N285 N161 N305 N469 N71	N363-0 N442-1 N208-0 N444-0 N62-0 N266-1 N172-0 N38-1 N391-0 N421-0 N47-0
443	U69	11/11/2019 9:00:00 AM	N207 N358 N72 N199 N238 N458 N435 N212 N4	N486-0 N157-1 N172-0 N329-0 N308-0 N94-0 N199-1 N196-0 N459-0 N283-0 N188-0 N69-0 N297-0 N17-0
444	U78	11/11/2019 9:00:00 AM	N26 N163 N66 N53	N435-0 N266-0 N441-0 N344-0 N128-1 N343-0 N420-0 N398-0 N105-0 N418-0 N352-0
445	U21	11/11/2019 9:00:00 AM	N357 N141 N188 N385 N34 N213 N125 N378 N164 N420 N491 N235 N489 N121	N494-0 N158-0 N82-0 N56-0 N292-1 N271-0 N14-0 N214-0 N275-0 N278-0 N309-0 N467-1 N446-0
446	U84	11/11/2019 9:00:00 AM	N128 N260 N137 N34 N168 N259 N144 N289 N484 N267 N319 N382 N30 N475 N387 N252	N163-0 N141-0 N29-0 N42-0 N422-0 N469-0 N324-0
447	U45	11/11/2019 9:00:00 AM	N449 N348 N84 N211 N152 N241 N490 N460 N8 N247 N340 N32 N326 N381 N293	N300-0 N327-0 N81-0 N210-0 N263-0 N11-0 N349-0
448	U60	11/11/2019 9:00:00 AM	N20 N486 N166 N44 N383 N18 N175 N109 N32 N441 N278 N88 N338 N438 N346 N273 N262 N274 N137	N470-0 N206-0 N219-0 N152-0 N11-0 N347-0 N68-0 N44-1 N458-0
449	U89	11/11/2019 9:00:00 AM	N125 N162 N141 N382 N384 N372 N216 N259 N349 N461 N128 N364 N473 N288 N137 N415	N160-0 N38-0 N23-0 N483-0 N212-0 N358-0 N481-0 N280-0 N267-1 N115-0 N144-0 N210-0 N99-0
450	U45	11/11/2019 9:00:00 AM		N406-0 N25-0 N130-0 N297-1 N462-1 N134-0 N173-0 N67-0 N3-0 N222-0 N150-0
451	U58	11/11/2019 9:00:00 AM	N36 N388 N2 N161 N135 N325 N445 N4 N474 N70 N14 N200 N150 N197	N98-0 N1-0 N311-0 N147-0 N163-0 N241-0 N80-0 N43-0 N114-1 N351-0 N202-0
452	U18	11/11/2019 9:00:00 AM	N53 N496	N486-1 N295-1 N415-0 N265-0 N253-0 N46-0 N61-1 N403-0 N358-0
453	U64	11/11/2019 9:00:00 AM	N63 N148 N422 N319 N86 N88 N294 N278 N193 N496 N223 N240 N428 N269 N295 N390	N151-0 N484-0 N181-0 N331-0 N342-0 N256-0
454	U37	11/11/2019 9:00:00 AM	N428 N221 N459 N61 N96 N97 N19 N25	N197-0 N5-0 N257-0 N444-0 N84-0 N105-0 N144-0 N406-0 N56-0
455	U10	11/11/2019 9:00:00 AM	N344 N377 N373 N445 N384 N350 N434 N341 N134 N448	N355-0 N94-0 N178-0 N170-0 N406-0
456	U29	11/11/2019 9:00:00 AM	N268 N219 N122 N154 N239 N299 N65 N24 N158 N274 N372 N238	N182-0 N32-1 N113-0 N99-0 N331-0 N310-0
457	U35	11/11/2019 9:00:00 AM	N326 N107 N409 N136 N390 N481 N44 N225 N239 N381 N94 N391 N237 N156 N209 N258 N241 N10	N170-0 N160-0 N63-0 N499-0 N344-0 N93-0 N435-0 N177-0 N194-0 N422-0
458	U35	11/11/2019 9:00:00 AM	N338 N296	N91-0 N188-0 N414-0 N361-0 N32-0 N336-1 N138-0 N118-0 N294-0 N202-0
459	U66	11/11/2019 9:00:00 AM	N397 N273 N496 N346 N295 N430 N463 N225 N19 N18 N482 N348 N20 N29 N263 N206 N328 N441 N97	N58-0 N118-0 N315-0 N496-0 N305-0 N384-0 N265-0 N288-0 N70-0 N234-0
460	U64	11/11/2019 9:00:00 AM	N152 N94 N328 N179 N33 N20 N223 N76 N86 N113 N63	N38-0 N190-0 N47-1 N37-0 N182-0
461	U49	11/11/2019 9:00:00 AM	N414 N163 N233 N194 N16 N301 N222 N41	N364-0 N29-0 N266-0 N236-0 N67-1 N437-0 N355-0 N22-0
462	U99	11/11/2019 9:00:00 AM	N165 N99 N23 N96 N60 N97	N172-0 N346-0 N303-0 N379-0 N351-0 N181-0 N56-1 N347-0 N89-0 N8-0 N263-1 N282-0 N251-0 N176-0
463	U31	11/11/2019 9:00:00 AM	N334 N403 N452 N494 N332 N53 N431 N271 N458 N221 N205 N223 N181 N308 N468 N485 N277 N89 N318	N156-0 N178-0 N151-0 N314-0 N222-0 N213-1 N212-1 N338-0 N96-1 N268-0 N256-1 N71-0
464	U95	11/11/2019 9:00:00 AM	N421 N248 N118 N64 N22 N91	N355-0 N299-0 N63-0 N324-0 N478-0 N2-0 N437-0 N322-0 N292-0 N270-1 N298-0 N456-0
465	U99	11/11/2019 9:00:00 AM	N281 N23 N428 N430 N295 N477 N8 N123 N118 N334 N479	N127-0 N254-1 N272-0 N307-0 N469-0 N19-0 N275-0 N183-0 N304-0 N455-0 N188-0 N405-0 N184-0 N109-0
466	U24	11/11/2019 9:00:00 AM	N468 N160 N110 N5 N425 N122 N479 N219 N426 N153 N386 N102 N393 N56 N447 N366 N374 N467 N43	N97-0 N258-0 N240-0 N284-0 N87-0 N386-0 N115-0 N232-0 N183-0 N140-0
467	U57	11/11/2019 9:00:00 AM	N106 N63 N266 N421 N469 N466 N475	N59-0 N274-0 N192-0 N464-1 N331-0 N149-0 N26-1 N472-1 N121-0
468	U38	11/11/2019 9:00:00 AM	N450 N268 N207 N132 N108 N238 N3 N483 N58 N253 N400 N4 N159 N84 N366	N422-0 N207-1 N240-0 N177-0 N319-1 N490-0
469	U23	11/11/2019 9:00:00 AM	N322 N482 N303 N224 N337 N226 N316 N400 N429	N202-1 N394-0 N459-0 N301-1 N143-0 N129-0 N477-0 N469-0 N363-0 N170-0 N6-0 N1-0 N25-0
470	U96	11/11/2019 9:00:00 AM	N247 N378	N422-0 N413-0 N465-0 N267-0 N89-0 N44-0 N1-0 N428-0 N181-0 N421-0 N492-0
471	U6	11/11/2019 9:00:00 AM	N474 N284	N123-0 N374-0 N464-0 N424-0 N116-0 N466-0 N242-0 N91-0 N485-0 N262-0 N331-0 N286-0 N64-0
472	U61	11/11/2019 9:00:00 AM	N416 N417 N453 N436 N316 N266 N466 N161 N323 N193 N339	N467-0 N299-0 N317-0 N237-0 N323-0 N223-1 N14-0 N389-0 N121-0
473	U67	11/11/2019 9:00:00 AM	N464	N53-0 N292-0 N388-0 N63-0 N14-0 N298-0 N483-0 N264-1 N448-0 N409-0 N236-0 N82-0 N11-0 N67-0
474	U33	11/11/2019 9:00:00 AM	N232 N420 N378 N359 N85 N129	N109-0 N319-0 N207-0 N285-0 N120-0 N386-0 N325-0 N458-0 N27-0
475	U75	11/11/2019 9:00:00 AM	N430 N240 N212 N449 N217 N282 N263	N116-0 N135-0 N34-0 N19-0 N472-0 N168-0 N174-1 N30-0 N313-0 N292-0 N228-0 N381-0 N222-0
476	U89	11/11/2019 9:00:00 AM	N80 N399 N134 N387 N490 N372 N287 N137 N351 N216 N320 N384 N267 N259	N239-0 N335-1 N251-0 N50-0 N171-0 N499-0 N447-0 N422-0 N144-0 N489-0 N107-0 N18-0 N4-0
477	U58	11/11/2019 9:00:00 AM	N138 N205 N242 N387 N461 N323 N39	N472-0 N200-0 N90-0 N464-0 N299-0 N422-0 N455-0 N11-0 N392-0 N411-0 N195-0 N71-0 N5-0 N123-0
478	U65	11/11/2019 9:00:00 AM	N351 N320 N272 N499 N111 N235 N481 N475 N385 N164 N114	N448-0 N422-0 N373-0 N398-0 N120-0 N283-1 N107-1 N466-0 N266-0 N102-0 N112-0 N416-0 N263-0 N63-0
479	U13	11/11/2019 9:00:00 AM	N379 N426 N141 N1 N215 N104 N184 N299 N74 N132 N159 N151 N383 N207 N212 N102	N421-0 N319-1 N440-0 N433-0 N256-0 N249-0 N278-0 N208-0 N113-0 N163-0 N34-0 N20-0 N448-0
480	U8	11/11/2019 9:00:00 AM	N491 N331 N351 N114 N283 N28 N284 N236 N292 N67 N341 N121 N378 N465 N412 N440 N195 N164 N125	N367-0 N140-0 N415-0 N398-0 N239-1 N161-1 N292-1 N13-0 N75-0 N340-0 N234-0 N241-0 N396-0 N149-1
481	U38	11/11/2019 9:00:00 AM	N207 N416 N3 N470 N79 N65	N263-0 N224-0 N255-0 N70-0 N388-0 N199-0 N125-0 N292-0
482	U91	11/11/2019 9:00:00 AM	N165 N408 N127 N205 N13 N218 N50 N476 N395 N206 N429 N222 N492 N21 N336 N303	N392-0 N400-0 N298-0 N207-0 N157-0
483	U8	11/11/2019 9:00:00 AM	N121 N48 N392 N276 N438 N367 N387 N491 N68	N408-0 N295-0 N156-0 N173-0 N21-0
484	U96	11/11/2019 9:00:00 AM	N130 N489 N160	N473-0 N301-0 N430-0 N270-0 N467-0 N444-0 N249-0 N44-0 N313-0 N29-0
485	U38	11/11/2019 9:00:00 AM	N49 N457 N65 N339 N11 N104 N374 N1 N108 N435	N253-0 N30-0 N470-0 N227-0 N402-0 N364-0 N342-0 N457-1 N68-0 N348-0 N222-0 N41-0 N162-0
486	U22	11/11/2019 9:00:00 AM	N293 N339 N13 N445 N197 N294 N112 N457 N280 N470	N7-0 N245-0 N184-0 N112-1 N272-0
487	U20	11/11/2019 9:00:00 AM	N10 N409 N452	N416-0 N179-0 N273-0 N17-0 N20-0 N346-0 N421-0 N291-0
488	U87	11/11/2019 9:00:00 AM	N63 N97 N5 N422	N116-0 N206-0 N247-0 N413-0 N147-0 N55-0 N104-0 N334-0 N305-0
489	U17	11/11/2019 9:00:00 AM	N383 N338 N88 N295 N37 N473	N173-0 N121-0 N14-0 N392-0 N64-0 N496-0 N195-0 N150-1
490	U0	11/11/2019 9:00:00 AM	N130 N6 N208 N59 N277 N133 N237 N316	N441-0 N262-0 N197-0 N93-0 N434-0
491	U68	11/11/2019 9:00:00 AM	N475 N357 N372 N492 N100 N326 N227 N425 N168 N384 N413 N10 N407 N260 N231 N453 N169	N62-0 N388-0 N395-1 N213-1 N464-0 N446-0 N405-0 N229-0 N465-0 N452-0
492	U98	11/11/2019 9:00:00 AM	N162 N399 N473 N349 N350 N49 N137 N484 N348 N248 N407 N260 N464 N143 N259 N128 N227 N5 N267	N132-0 N20-0 N413-0 N62-0 N295-0 N498-0 N288-0 N385-0 N389-0 N448-0 N183-0
493	U32	11/11/2019 9:00:00 AM	N107 N409 N176 N5	N363-0 N432-0 N221-0 N69-0 N61-0
494	U22	11/11/2019 9:00:00 AM	N106 N446 N210 N282 N56 N207 N200 N285 N67 N261 N327 N2 N467	N246-0 N322-0 N334-0 N262-0 N8-0 N347-0
495	U32	11/11/2019 9:00:00 AM	N325 N190 N328 N324 N198 N73 N237 N156	N437-0 N157-0 N363-1 N315-0 N162-0 N187-0 N99-0 N491-0 N292-0 N47-0 N258-1
496	U91	11/11/2019 9:00:00 AM	N194 N214 N86	N188-0 N15-0 N350-0 N324-0 N425-1 N262-0
497	U4	11/11/2019 9:00:00 AM	N180 N98 N294 N372 N39 N1 N141 N11 N115 N454 N478 N3 N435 N72 N253 N374 N333 N56	N334-1 N198-0 N401-0 N234-0 N268-1 N290-0 N478-1 N317-0 N72-0
498	U90	11/11/2019 9:00:00 AM	N418 N16 N17 N250 N372 N45 N44 N137 N473 N449 N384 N216 N341 N201	N484-1 N131-1 N120-1 N148-0 N382-1
499	U1	11/11/2019 9:00:00 AM	N495 N6 N133 N115 N231 N46 N296 N178 N8	N275-0 N460-0 N426-1 N439-0 N488-0
500	U71	11/11/2019 9:00:00 AM	N274 N66 N60 N76 N269 N0	N122-1 N259-0 N191-0 N308-0 N429-0 N452-0
501	U15	11/11/2019 9:00:00 AM	N304 N223 N89 N177 N411 N334 N456 N265 N33 N494	N207-0 N87-1 N38-0 N255-0 N14-0 N484-0
502	U40	11/11/2019 9:00:00 AM	N114 N129 N77 N306 N367	N469-0 N241-0 N264-0 N388-0 N426-0 N437-1
503	U49	11/11/2019 9:00:00 AM	N450 N69	N457-0 N26-1 N145-0 N78-0 N426-0 N420-0 N25-0 N50-0 N99-1
504	U77	11/11/2019 9:00:00 AM	N41 N201 N352 N429 N62 N148 N329 N92 N432 N375 N256 N147 N184 N497 N251	N65-0 N103-0 N180-0 N391-0 N154-0 N77-0 N338-0 N254-0 N441-0 N363-0 N213-0
505	U71	11/11/2019 9:00:00 AM	N430 N303	N49-0 N391-0 N407-0 N155-0 N208-0 N34-0 N498-0 N367-0 N151-0 N248-0 N324-0 N422-1 N342-0 N370-0
506	U46	11/11/2019 9:00:00 AM	N398 N353 N145 N6 N128 N35 N59 N136	N392-0 N187-0 N135-0 N121-0 N88-0 N91-0 N491-0 N59-0 N34-0
507	U31	11/11/2019 9:00:00 AM	N494 N267 N355 N124 N411 N74 N49 N118 N138 N15 N223 N191 N53 N305	N393-0 N20-0 N207-0 N3-0 N379-0 N212-0 N148-0 N435-0 N77-0 N26-0 N386-0
508	U55	11/11/2019 9:00:00 AM	N0 N449 N182 N59 N325 N409 N152 N241 N336 N190 N156 N390 N61 N365 N10 N296 N145 N498	N418-0 N241-0 N259-0 N64-0 N107-1 N363-0 N257-0 N290-0 N180-0 N420-0
509	U27	11/11/2019 9:00:00 AM	N170 N462 N8 N0 N380 N25 N438 N70 N460 N277 N32 N133 N139 N237 N59 N336 N340 N161	N419-0 N33-0 N13-0 N68-0 N184-0 N264-0 N398-0 N40-0 N314-0 N292-0 N464-0 N485-0 N97-0 N145-1
510	U73	11/11/2019 9:00:00 AM	N378 N220 N310 N92 N283 N262 N309 N77 N351 N307 N292 N455 N164 N274 N155 N430 N34	N49-0 N463-1 N8-0 N75-0 N57-0 N17-0 N341-0 N436-0
511	U72	11/11/2019 9:00:00 AM	N387 N424 N436 N303 N78 N339 N456 N461 N146	N494-0 N468-0 N308-0 N398-0 N417-0 N352-0 N59-0 N7-0 N364-0 N141-0
512	U88	11/11/2019 9:00:00 AM	N119 N72 N292 N351 N307 N412 N411 N392 N232 N435 N378 N272 N347	N254-0 N413-0 N90-0 N374-1 N238-0 N197-0 N330-0 N198-0 N485-0 N461-0
513	U7	11/11/2019 9:00:00 AM	N418 N267 N349 N467	N232-0 N99-0 N465-0 N338-0 N209-0 N216-0 N316-0 N298-0 N119-0 N419-0
514	U1	11/11/2019 9:00:00 AM	N283 N358 N107 N372 N73 N166	N477-0 N73-0 N352-0 N39-0 N305-0 N296-0 N266-0 N231-0 N99-0 N194-0 N242-0 N364-0
515	U97	11/11/2019 9:00:00 AM	N73 N231 N381 N423 N354 N8 N140 N403 N48 N237 N127	N492-0 N244-0 N478-0 N371-0 N50-0 N499-0 N446-0 N180-0 N79-0
516	U97	11/11/2019 9:00:00 AM	N177 N460 N398 N340 N423 N389 N82 N152	N123-0 N345-0 N13-0 N109-0 N59-1 N56-1 N310-0 N342-0 N466-0 N212-0 N353-1 N143-0 N327-0 N195-0
517	U97	11/11/2019 9:00:00 AM	N27 N211 N10 N391 N336 N495 N59 N77 N376 N152 N365 N124	N185-0 N368-0 N113-0 N265-0 N311-0 N156-0 N460-0 N366-0 N243-0
518	U46	11/11/2019 9:00:00 AM	N156 N32 N145 N380 N176 N394 N297 N146 N462 N408 N71 N209 N8 N116 N409 N494 N140	N19-0 N101-0 N395-0 N340-1 N498-1 N22-1 N30-0 N316-0 N7-0 N99-0 N396-0 N63-0 N249-0
519	U36	11/11/2019 9:00:00 AM	N318 N294 N439 N62 N15 N87 N337 N431 N185 N333	N257-0 N447-0 N19-0 N421-0 N364-0
520	U4	11/11/2019 9:00:00 AM	N386 N97 N101 N459 N393 N11 N264 N204 N300 N253 N3 N126 N31 N474	N66-0 N40-0 N318-0 N377-0 N98-0 N480-0 N235-0 N216-0 N491-0 N63-0 N210-0 N397-0
521	U79	11/11/2019 9:00:00 AM		N57-0 N274-0 N139-0 N102-1 N337-0 N385-0 N3-0 N59-0 N369-0 N455-0 N280-0 N210-0 N75-0 N202-0
522	U80	11/11/2019 9:00:00 AM	N286 N137 N447 N120 N260 N243 N373 N493 N231 N22 N315 N320 N162	N362-0 N310-0 N76-0 N407-0 N253-0 N89-0 N393-0 N45-0 N242-0 N345-0 N10-0
523	U44	11/11/2019 9:00:00 AM	N349 N475 N248 N278 N259 N449 N104	N72-0 N249-0 N262-0 N29-0 N76-0 N207-0 N422-0 N286-1 N337-0 N401-0
524	U82	11/11/2019 9:00:00 AM	N275 N369 N458 N291 N192 N332 N212 N221 N213 N451	N107-0 N193-0 N491-0 N227-0 N451-0 N344-0 N11-0 N480-0 N189-0 N34-0 N450-0 N423-0 N187-1 N376-0
525	U36	11/11/2019 9:00:00 AM	N250 N369 N305	N76-0 N15-1 N336-0 N187-0 N62-0 N173-0 N401-0 N470-0 N394-0 N241-0 N398-0 N60-0
526	U40	11/11/2019 9:00:00 AM	N367 N292 N155 N472 N129 N188 N324 N121 N396 N491 N73 N379 N465 N34 N114 N196 N28 N21 N235	N181-0 N90-0 N42-0 N236-1 N131-0 N5-0 N378-0 N126-1 N170-0 N382-0 N108-0 N28-0 N377-0
527	U83	11/11/2019 9:00:00 AM	N316 N362 N243 N145 N190 N8 N241 N73 N5 N336 N231 N208 N237	N234-0 N37-0 N82-0 N132-0 N425-1 N385-0 N353-0 N262-0
528	U19	11/11/2019 9:00:00 AM	N450 N484 N356 N229 N493 N406	N368-0 N296-0 N287-0 N125-0 N356-0 N162-0 N100-1 N395-0 N337-0 N263-0 N301-0 N211-0 N8-0
529	U75	11/11/2019 9:00:00 AM	N87 N269 N488 N447 N254 N342 N348 N294 N428 N302 N179 N397 N93 N440 N18 N169 N85 N96	N414-0 N139-0 N66-0 N256-0 N496-0 N213-0 N480-0 N129-0 N170-0 N114-0 N195-1
530	U41	11/11/2019 9:00:00 AM	N55 N183 N22 N206 N12 N41 N0	N123-0 N255-0 N450-0 N410-0 N90-0 N251-1 N162-1 N202-0 N192-0 N75-0
531	U54	11/11/2019 9:00:00 AM	N388 N421 N42 N43 N7	N353-0 N39-1 N13-1 N317-1 N335-1 N159-0 N30-0 N225-0 N45-0 N318-0 N351-0 N69-0 N402-0 N172-0
532	U49	11/11/2019 9:00:00 AM	N432 N27 N218 N41 N428 N497 N226 N185 N457 N316 N14 N158 N33 N429 N206 N83 N9 N400 N194	N3-0 N482-0 N170-1 N285-0 N433-1 N35-0 N485-0 N28-0 N104-0 N49-0 N255-0 N26-0 N214-0 N197-0
533	U25	11/11/2019 9:00:00 AM	N439 N325 N110 N485 N318 N452 N105	N68-0 N250-0 N383-0 N377-0 N141-0 N209-0 N322-0
534	U14	11/11/2019 9:00:00 AM	N488 N44 N18 N383 N360 N477 N179 N395 N499 N319 N93 N195 N189 N85 N123 N430 N82 N240 N25	N366-0 N422-0 N294-1 N381-0 N412-0 N386-0 N214-0 N95-0 N375-0
535	U97	11/11/2019 9:00:00 AM	N277 N324 N134 N152 N90 N208 N145 N381 N365 N207	N483-0 N392-0 N151-0 N53-0 N277-0
536	U93	11/11/2019 9:00:00 AM	N440 N125 N358 N160 N48 N129 N378 N481 N487 N237 N21 N283	N12-0 N340-0 N296-0 N168-0 N173-0 N365-0 N443-0 N446-0 N330-0 N103-0 N486-0 N357-1 N34-0 N97-0
537	U25	11/11/2019 9:00:00 AM	N486 N46 N395 N337	N139-0 N5-0 N354-1 N79-0 N80-0 N265-1 N123-0 N166-0 N111-1 N280-0 N491-0 N142-0 N355-0 N88-0
538	U10	11/11/2019 9:00:00 AM	N321 N357 N100 N475	N238-1 N234-0 N367-0 N54-0 N378-0
539	U51	11/11/2019 9:00:00 AM	N25 N348 N488 N18 N120 N428 N96 N383 N430 N217 N30 N109 N73 N86 N20 N496 N171 N19 N260	N65-1 N5-1 N451-0 N267-0 N244-0 N67-0 N229-0
540	U14	11/11/2019 9:00:00 AM		N449-0 N192-0 N432-0 N57-0 N460-0 N469-0 N486-0 N127-1 N470-0
541	U12	11/11/2019 9:00:00 AM	N56 N271 N334 N221 N290 N451 N318	N293-0 N85-0 N49-1 N341-0 N223-1 N367-0 N290-0 N351-1 N112-0 N58-0 N283-0
542	U85	11/11/2019 9:00:00 AM	N482 N348 N158 N496 N82 N50 N383 N88 N263 N75 N338 N488 N346 N25	N16-0 N196-0 N229-0 N296-0 N193-0 N282-1
543	U29	11/11/2019 9:00:00 AM	N386 N215 N38 N456 N40 N320 N115 N457 N483 N374 N104 N102 N7	N457-0 N381-0 N361-1 N265-0 N432-0 N485-0 N308-0
544	U20	11/11/2019 9:00:00 AM	N190 N166 N358 N140 N20 N107 N467 N376 N299 N211 N398 N381 N403 N171 N353 N208	N376-1 N267-0 N227-0 N291-0 N327-0 N332-0 N64-0 N340-0 N80-0 N14-0 N306-0 N255-0 N87-0 N172-0
545	U40	11/11/2019 9:00:00 AM	N489 N420 N379 N461 N235 N160 N347 N129 N125 N378 N130 N48 N188 N351 N307 N421 N425	N200-0 N367-1 N415-1 N403-0 N123-0 N51-0 N247-0
546	U21	11/11/2019 9:00:00 AM	N356 N440 N119 N195 N121 N241	N241-0 N363-0 N236-0 N382-0 N186-0 N459-1 N356-0 N93-0 N474-1 N124-0 N476-0 N249-0 N46-0
547	U63	11/11/2019 9:00:00 AM	N254 N383 N321 N432 N309 N23 N33 N262 N488 N25 N44 N348 N319 N123 N328 N427 N75 N274	N280-1 N215-1 N243-0 N384-1 N205-0 N119-1 N10-1 N374-0 N127-0 N339-0 N219-1
548	U38	11/11/2019 9:00:00 AM	N51 N17 N47 N5 N196 N31	N456-0 N96-0 N480-0 N14-0 N293-0 N242-0 N255-0 N389-1 N473-0 N222-0 N22-0 N485-0 N162-0 N76-0
549	U92	11/11/2019 9:00:00 AM	N184 N158 N147 N303 N432 N444 N371 N404 N54 N235 N50 N287 N35 N329 N55	N48-0 N95-0 N434-0 N199-0 N31-0 N430-0 N418-1 N38-0 N106-0 N229-0
550	U22	11/11/2019 9:00:00 AM	N81 N44 N436 N340 N50 N173 N424 N442 N39 N118 N193 N482	N321-0 N329-0 N206-0 N456-0 N191-0 N47-0 N53-1 N425-0
551	U40	11/11/2019 9:00:00 AM	N98 N292 N416 N385 N119 N396 N164 N236 N48 N463 N262 N259 N487	N272-0 N295-0 N180-0 N280-0 N141-0 N434-0 N107-0 N485-0 N8-0 N463-0 N134-0 N330-0 N14-0
552	U62	11/11/2019 9:00:00 AM	N473 N341 N364 N288 N448 N203 N475 N434 N202 N117 N155 N172 N37 N229 N23	N88-0 N470-0 N75-0 N143-0 N49-0 N5-0 N304-0
553	U64	11/11/2019 9:00:00 AM	N8 N36 N348 N41 N97 N240 N289 N66 N179 N338 N397 N29 N269 N44 N486 N430 N19 N96 N75	N18-1 N143-0 N373-0 N182-1 N114-0 N21-0 N106-0 N441-0 N226-0
554	U49	11/11/2019 9:00:00 AM	N206 N205 N463 N26 N147 N158 N414 N140 N230 N179 N444 N52 N321	N199-0 N169-0 N36-0 N48-0 N379-0 N262-0 N298-0 N216-0 N456-0 N65-0 N130-0 N472-0 N14-0
555	U91	11/11/2019 9:00:00 AM	N499	N360-0 N44-0 N138-0 N59-0 N25-0 N273-0 N400-0 N346-0 N86-0 N233-0 N46-0 N214-0
556	U78	11/11/2019 9:00:00 AM	N306 N284 N101 N404 N338 N414 N83	N91-0 N435-0 N292-0 N68-0 N282-0 N471-1 N316-0 N125-0 N129-0 N455-0 N215-0 N273-0 N331-0
557	U51	11/11/2019 9:00:00 AM	N165	N255-0 N498-0 N280-0 N414-0 N435-0 N68-0 N374-0 N382-0 N451-0
558	U61	11/11/2019 9:00:00 AM	N106 N266 N280 N474 N424 N381 N436 N443 N456 N15 N462 N81 N64 N161 N461 N170	N436-0 N208-0 N459-0 N107-0 N292-0 N119-0
559	U86	11/11/2019 9:00:00 AM		N180-1 N159-0 N339-0 N409-0 N47-0 N472-0 N358-1 N364-0 N491-0
560	U97	11/11/2019 9:00:00 AM	N8 N152 N365 N208 N266 N363 N209 N340 N247	N118-0 N365-1 N477-0 N34-1 N109-0 N255-0 N316-0 N276-0 N444-0
561	U7	11/11/2019 9:00:00 AM	N309 N319 N201 N128 N169 N80	N71-0 N452-0 N239-0 N444-0 N216-1 N118-0 N485-0 N286-0 N390-0
562	U57	11/11/2019 9:00:00 AM	N49 N293 N361 N59 N161 N482 N21 N370 N173 N443 N189	N101-0 N476-0 N242-0 N179-0 N180-0 N485-0 N2-0 N112-1 N207-0
563	U0	11/11/2019 9:00:00 AM	N133 N490 N198 N495 N139 N391 N110 N307 N342 N358 N107	N377-0 N439-0 N431-0 N159-0 N193-0 N52-0 N270-0 N301-0 N388-0 N302-0 N30-0 N65-0 N179-0
564	U93	11/11/2019 9:00:00 AM	N235 N286 N412 N28 N236 N143 N367 N283 N101 N337 N262 N164 N269 N77 N188 N48 N276 N440	N452-0 N190-0 N200-0 N225-0 N4-0 N324-0 N151-0 N302-0
565	U59	11/11/2019 9:00:00 AM	N279 N172 N128 N8 N473 N250 N243 N399 N166 N229 N260 N245	N356-0 N246-0 N422-0 N113-0 N274-0 N71-0 N371-0
566	U45	11/11/2019 9:00:00 AM	N225 N490 N495 N60 N211	N469-0 N86-0 N356-0 N61-0 N111-0 N169-0 N24-0 N411-0 N139-1 N497-0 N266-0 N442-0
567	U23	11/11/2019 9:00:00 AM	N284 N163 N339 N205 N50 N214 N222 N259 N316 N257	N221-0 N213-0 N94-0 N67-0 N175-0 N454-0 N234-0 N240-0 N451-0 N437-0 N189-0 N198-0 N232-0
568	U61	11/11/2019 9:00:00 AM	N249 N377 N64 N263 N331 N456 N262 N39 N193 N173 N231 N150 N467 N285 N157 N81 N442 N198 N443	N27-0 N324-0 N195-1 N260-0 N401-0 N180-0 N332-0 N457-1 N378-0 N436-1 N447-0 N416-0 N123-0
569	U88	11/11/2019 9:00:00 AM	N292 N68 N472 N276 N11 N499 N420 N463 N489 N355 N114 N326 N143 N121 N164	N483-0 N207-0 N463-1 N431-0 N52-0 N334-0 N100-0
570	U12	11/11/2019 9:00:00 AM	N409 N267 N221 N191 N265 N46 N313 N105	N269-0 N29-0 N404-0 N370-0 N424-0 N163-0 N36-0 N331-0
571	U77	11/11/2019 9:00:00 AM		N294-0 N470-0 N344-0 N367-0 N332-0 N341-0 N156-0 N441-0 N15-0 N262-0 N267-0 N25-0 N283-0 N136-0
572	U90	11/11/2019 9:00:00 AM	N486	N272-0 N498-0 N67-0 N481-0 N173-0 N328-1 N295-0 N394-0 N85-0 N313-0 N249-0 N181-0
573	U51	11/11/2019 9:00:00 AM	N66 N496 N75 N60 N430 N63 N59 N193 N269 N171 N18 N441 N263 N25	N406-0 N239-0 N422-1 N324-0 N160-0 N130-0 N373-0 N155-0 N335-0 N262-0 N348-0 N35-0 N306-0
574	U28	11/11/2019 9:00:00 AM		N464-0 N261-0 N481-0 N50-0 N447-1 N416-0 N325-0 N32-0 N424-0 N453-0 N357-0 N88-0 N362-0 N467-0
575	U27	11/11/2019 9:00:00 AM	N149 N182 N405 N167 N336 N391 N59 N409 N48 N6 N73 N289	N169-0 N112-0 N72-0 N485-0 N337-0 N213-0 N137-0 N233-0 N250-0 N366-0 N450-0
576	U94	11/11/2019 9:00:00 AM	N428 N85 N246 N217 N82 N63 N19 N5 N427 N274	N28-1 N189-0 N440-0 N344-0 N297-0 N161-0
577	U56	11/11/2019 9:00:00 AM	N93 N11 N486	N378-0 N474-0 N120-0 N329-0 N368-0
578	U42	11/11/2019 9:00:00 AM	N473 N211 N19 N171 N96 N488	N421-0 N27-0 N340-0 N171-0 N144-0 N129-0 N377-0 N168-0 N318-0
579	U36	11/11/2019 9:00:00 AM	N458 N369 N192 N221 N355 N186 N33 N203 N266 N298 N315 N375 N308 N337 N411 N363 N89 N452 N471	N228-0 N367-0 N335-0 N87-0 N279-0 N235-0
580	U18	11/11/2019 9:00:00 AM	N61 N105 N252 N19 N496 N263	N105-1 N435-0 N243-0 N271-0 N35-0 N122-0 N328-1
581	U79	11/11/2019 9:00:00 AM	N478 N239 N122 N211 N483 N366 N173	N168-0 N139-0 N490-0 N487-0 N355-0 N59-0 N78-0
582	U69	11/11/2019 9:00:00 AM	N483 N146 N374 N279 N24 N373 N204	N116-0 N316-0 N123-1 N243-0 N451-0 N242-0 N447-0 N23-0 N103-0 N47-0 N3-1 N45-0 N227-0 N81-0
583	U44	11/11/2019 9:00:00 AM	N228 N349 N283 N128 N100 N250 N407 N382 N434 N383	N442-0 N39-0 N427-0 N286-1 N70-0 N80-1 N314-0 N294-0 N190-0 N484-0 N21-0 N458-0 N475-1 N298-0
584	U4	11/11/2019 9:00:00 AM	N480 N300 N27 N115 N428 N483 N366 N279 N102 N72 N4 N207 N298	N435-1 N453-0 N426-0 N208-0 N29-0 N144-0 N58-0 N421-0
585	U49	11/11/2019 9:00:00 AM	N50 N206 N260 N497 N205 N412 N185	N334-1 N189-0 N373-1 N396-0 N406-0 N403-0 N433-0 N371-0
586	U52	11/11/2019 9:00:00 AM	N437 N132 N393 N5 N56 N51 N207 N101 N435 N11 N159 N104 N359 N169 N426 N253 N261 N141 N12	N128-0 N192-0 N39-0 N165-0 N365-0 N90-0 N191-1 N142-1 N422-0 N113-0 N313-0 N130-0 N256-0
587	U83	11/11/2019 9:00:00 AM	N403 N362 N59 N404	N16-1 N253-0 N417-0 N322-0 N337-0 N304-0
588	U62	11/11/2019 9:00:00 AM	N22 N51 N169 N372 N259 N413 N365 N227 N449	N302-1 N166-0 N180-0 N152-0 N470-0 N286-0 N20-0 N260-1 N435-0 N313-0
589	U96	11/11/2019 9:00:00 AM	N246 N491 N68 N367 N125 N455 N292 N163 N351 N220 N117	N406-0 N450-0 N233-0 N43-0 N231-0 N109-0 N389-0
590	U53	11/11/2019 9:00:00 AM	N260	N255-0 N343-0 N416-0 N1-0 N17-1 N384-0 N159-0 N175-1 N267-0 N257-0 N18-0 N406-0
591	U76	11/11/2019 9:00:00 AM	N161 N175 N343 N407 N81 N270 N356 N331 N361 N273 N13 N339	N40-0 N374-0 N104-0 N9-0 N380-0
592	U72	11/11/2019 9:00:00 AM	N469 N323 N339 N64 N242 N467 N270 N60 N381 N135 N377 N51 N118	N124-0 N355-1 N495-0 N476-0 N170-0 N173-1 N208-0 N271-0 N266-0 N294-0 N225-0
593	U60	11/11/2019 9:00:00 AM	N488 N273 N85 N287 N319 N326 N240 N217	N242-0 N436-0 N110-0 N375-1 N231-0 N167-0 N86-0
594	U76	11/11/2019 9:00:00 AM	N243 N285 N200 N13 N150 N280 N474 N313	N342-0 N297-1 N376-0 N323-0 N185-0 N474-0
595	U3	11/11/2019 9:00:00 AM	N160 N145 N412	N379-0 N161-0 N294-0 N286-0 N436-0 N195-0 N460-0 N341-0 N243-0 N19-0 N150-0 N284-0 N267-0 N431-0
596	U55	11/11/2019 9:00:00 AM	N247 N231 N340 N462 N403 N90 N190 N84 N308 N277 N121 N290 N381 N232	N426-0 N371-1 N322-0 N205-0 N362-1 N402-0 N218-0 N236-1 N498-1 N410-0
597	U27	11/11/2019 9:00:00 AM	N229 N220 N310 N495 N390 N59 N231	N406-0 N250-0 N473-0 N166-1 N30-0 N199-0 N191-0 N458-0 N173-0
598	U31	11/11/2019 9:00:00 AM	N368 N301	N62-0 N223-0 N124-0 N38-0 N94-0 N306-0 N91-0 N397-0 N258-0 N304-0 N410-0 N66-0
599	U20	11/11/2019 9:00:00 AM	N381 N198 N175	N53-0 N82-0 N197-0 N415-0 N236-0 N34-0 N369-0 N20-0 N495-0 N222-0 N67-0 N329-0 N490-0
600	U41	11/11/2019 9:00:00 AM	N426	N282-0 N347-0 N465-0 N319-0 N245-0
601	U68	11/11/2019 9:00:00 AM	N267 N288 N376	N197-0 N130-0 N138-0 N83-0 N19-0 N24-0 N180-0 N344-0
602	U99	11/11/2019 9:00:00 AM	N94 N23 N278 N328	N213-1 N460-0 N223-0 N271-0 N408-0 N494-0 N118-0 N82-1 N488-1 N429-0 N378-0 N479-0 N29-0 N251-0
603	U66	11/11/2019 9:00:00 AM	N263 N479 N415 N61 N441 N94 N123 N86 N302	N17-0 N29-1 N140-0 N407-0 N497-0 N314-0 N219-0 N464-0 N435-0 N462-0 N375-0 N225-0
604	U28	11/11/2019 9:00:00 AM	N206 N342 N79 N207 N215 N65 N180 N358 N366 N300 N51 N426 N1 N159	N381-0 N92-1 N466-0 N400-1 N433-0 N53-0 N138-0 N50-0 N487-0
605	U41	11/11/2019 9:00:00 AM	N322 N205 N137 N26	N157-0 N175-0 N62-0 N447-0 N440-0 N226-0 N34-0 N421-0 N429-0
606	U45	11/11/2019 9:00:00 AM	N90 N451	N51-0 N297-0 N493-0 N102-0 N52-0 N62-0 N191-0 N460-0 N141-0 N357-0 N473-0
607	U56	11/11/2019 9:00:00 AM	N346 N422 N18 N411 N238 N175 N82 N488 N295 N428 N76 N342 N331 N123 N63	N27-0 N340-0 N90-0 N55-0 N207-0 N101-0 N483-0 N374-0 N182-1 N218-0
608	U27	11/11/2019 9:00:00 AM	N289 N310 N0 N241 N190 N84 N423 N380 N247 N480 N365 N336 N301 N133 N362 N307 N381 N398 N222	N498-0 N125-0 N178-0 N165-0 N275-0 N91-0 N414-0 N447-0 N130-0 N360-0 N129-0 N469-0 N488-1 N368-0
609	U7	11/11/2019 9:00:00 AM	N464 N146 N172 N245 N260 N256 N437 N330 N162 N320 N450	N244-0 N181-0 N281-0 N356-0 N206-0 N325-1
610	U67	11/11/2019 9:00:00 AM		N85-0 N217-0 N375-0 N360-0 N84-0 N452-1 N142-0
611	U69	11/11/2019 9:00:00 AM	N141 N475 N6 N163 N264 N354 N56 N122 N207 N228 N394 N103 N300 N426 N51 N40	N236-0 N379-0 N182-0 N3-0 N424-0 N27-0
612	U43	11/11/2019 9:00:00 AM	N77 N433 N481 N378 N163 N351 N188 N215 N119 N235 N143 N132 N465 N250 N385 N34	N474-0 N391-0 N13-0 N54-0 N209-0 N165-0 N114-1 N381-0
613	U10	11/11/2019 9:00:00 AM	N134 N252 N291 N245 N170 N344 N418 N397 N365 N30 N357	N318-0 N436-0 N69-0 N70-0 N73-0 N54-0 N190-0 N468-0 N97-0 N30-0 N147-0 N482-0 N228-0 N191-0
614	U1	11/11/2019 9:00:00 AM	N345 N231 N277	N11-0 N138-0 N162-0 N439-0 N60-0 N265-0 N159-0 N479-0 N472-1 N391-1
615	U79	11/11/2019 9:00:00 AM	N456 N374 N314 N108 N219	N349-0 N466-0 N158-0 N12-0 N251-0 N452-0
616	U24	11/11/2019 9:00:00 AM	N104 N40 N108 N231 N468 N11 N70 N57 N454 N253 N300 N237 N102 N113 N312 N31	N297-0 N206-0 N427-0 N464-0 N259-0 N339-0 N134-0 N12-0 N132-1 N207-0 N177-0 N360-0 N289-0 N98-0
617	U20	11/11/2019 9:00:00 AM	N258 N365 N498 N394 N403 N340 N359 N8 N430 N289 N237 N363 N241 N495 N116 N343	N173-1 N430-0 N316-0 N333-0 N107-0 N89-0 N470-0 N478-0 N434-1 N452-0 N369-0 N499-0 N156-0 N324-0
618	U54	11/11/2019 9:00:00 AM	N443 N52 N470 N91 N138	N73-0 N342-0 N302-0 N360-0 N446-1 N438-0 N313-0 N290-0
619	U67	11/11/2019 9:00:00 AM	N47 N12 N192 N196 N452 N363 N336 N305	N197-0 N161-0 N449-0 N282-0 N24-0 N26-0 N280-0 N77-0 N199-0 N20-0
620	U11	11/11/2019 9:00:00 AM	N415 N180 N238 N394 N420 N98 N459 N38	N130-0 N168-0 N491-0 N465-0 N41-0 N461-0 N180-0 N2-0 N380-0 N373-0 N154-1 N296-0 N267-0
621	U15	11/11/2019 9:00:00 AM	N196 N186 N305 N451 N173 N213 N411 N184 N265 N174 N337 N40 N333 N471 N380 N95	N356-0 N92-0 N87-0 N151-0 N168-0 N412-0 N24-0 N39-0 N319-0
622	U38	11/11/2019 9:00:00 AM	N333 N437 N365 N207 N394 N1	N19-0 N63-1 N34-0 N213-1 N36-0 N225-1 N146-0 N465-0 N130-0 N247-0 N143-0
623	U48	11/11/2019 9:00:00 AM	N323 N138 N78 N247 N401 N424 N466 N412 N317 N456 N361 N470 N14 N196 N249 N151 N293 N91	N222-0 N327-1 N84-0 N452-0 N490-0 N96-0 N404-0 N415-1 N383-0 N299-0 N270-1
624	U77	11/11/2019 9:00:00 AM	N55 N185 N215 N329 N460 N364 N83 N26 N322 N444 N99 N214 N144 N245 N480 N52 N301 N222 N476	N303-0 N360-0 N213-0 N85-0 N185-0 N197-0 N393-0 N95-0 N149-1 N344-0
625	U61	11/11/2019 9:00:00 AM		N468-0 N451-0 N382-0 N316-0 N83-0 N339-0 N494-0 N158-0 N338-0 N352-0
626	U92	11/11/2019 9:00:00 AM	N133 N9 N301	N179-0 N76-0 N273-0 N271-0 N91-0 N242-0 N71-0 N431-0 N410-1 N300-0 N256-0 N358-0
627	U30	11/11/2019 9:00:00 AM	N60 N383 N175 N477 N182 N88 N170 N93 N132 N18 N33 N86 N338 N127 N310 N360 N397 N427 N342	N42-0 N196-0 N73-0 N108-0 N379-0 N495-0 N85-0 N465-0
628	U52	11/11/2019 9:00:00 AM	N466	N144-0 N315-0 N236-0 N248-0 N44-0 N26-0 N97-0 N27-0 N25-0 N316-0 N356-0 N209-0
629	U31	11/11/2019 9:00:00 AM	N452 N90 N105 N431 N88 N363 N47 N95 N371 N485	N183-0 N283-0 N347-0 N74-1 N374-0 N94-0 N338-0 N321-1 N46-0 N103-0 N447-0 N20-0 N159-1 N290-0
630	U96	11/11/2019 9:00:00 AM	N463 N309 N142 N499 N68 N164 N129 N85 N455 N443 N385 N430 N160 N465 N440 N420	N307-1 N144-0 N389-0 N250-1 N219-0 N362-0 N406-0 N495-0
631	U19	11/11/2019 9:00:00 AM		N307-0 N304-0 N164-0 N19-0 N288-1 N10-0 N266-0 N400-0 N176-0 N376-0 N98-0 N209-0 N92-0 N375-0
632	U27	11/11/2019 9:00:00 AM	N139 N289 N340 N247 N188 N423 N8 N322	N251-0 N405-0 N227-0 N44-0 N441-0 N460-0 N337-0 N198-0 N323-0 N23-0 N309-0 N256-0 N479-0
633	U94	11/11/2019 9:00:00 AM		N355-0 N134-0 N352-0 N214-0 N402-0 N381-1 N49-0
634	U59	11/11/2019 9:00:00 AM	N134 N320 N349 N457 N350 N44 N384 N227 N16 N37	N122-1 N230-0 N294-0 N52-0 N343-0 N439-0 N70-0 N205-0 N199-1
635	U85	11/11/2019 9:00:00 AM	N36 N273 N114 N170 N383 N294	N105-1 N334-0 N186-0 N118-0 N37-0 N484-0 N396-0 N293-0 N333-0 N106-0 N149-0 N72-0 N96-1 N197-0
636	U0	11/11/2019 9:00:00 AM	N376 N6 N362 N73 N338 N180 N149 N201 N358 N107 N156 N90 N8 N139 N133 N281 N310	N246-0 N80-0 N399-0 N230-0 N21-0 N375-0 N406-0 N158-0 N499-0 N419-0 N115-0
637	U4	11/11/2019 9:00:00 AM	N298 N147 N435 N24 N32 N457 N154	N361-0 N166-0 N360-0 N422-0 N54-0 N26-0 N84-0 N404-0
638	U90	11/11/2019 9:00:00 AM	N363 N219 N492 N240 N341 N350 N473 N286 N399 N169 N37 N372 N117 N364 N427 N484	N339-0 N183-0 N198-0 N404-0 N221-0 N89-0 N190-0
639	U11	11/11/2019 9:00:00 AM	N129	N460-0 N320-0 N275-1 N279-1 N416-0 N288-0 N146-0 N307-0 N495-0 N308-0 N69-0 N26-0 N59-0
640	U54	11/11/2019 9:00:00 AM	N361 N317 N372 N106 N88 N446 N210 N42	N474-1 N50-0 N383-0 N349-0 N51-0 N498-0 N409-0 N462-0 N109-0 N99-0 N173-1
641	U38	11/11/2019 9:00:00 AM		N240-0 N358-0 N41-0 N119-0 N433-0 N134-0 N410-0 N14-0 N245-0 N382-0 N480-0 N419-0 N165-0 N61-0
642	U6	11/11/2019 9:00:00 AM	N50 N406 N69 N245 N483 N476 N7 N55 N214 N83 N291 N432 N429 N9 N99 N29 N352 N246	N367-0 N61-1 N14-0 N287-0 N141-0 N13-1 N453-0 N449-0 N199-0 N110-0 N245-1 N354-0
643	U62	11/11/2019 9:00:00 AM	N117 N353 N399	N288-1 N497-0 N372-0 N319-0 N0-0 N331-0 N251-0 N225-0 N316-0 N102-0 N119-0 N20-0 N376-0 N11-0
644	U95	11/11/2019 9:00:00 AM	N201 N282 N331 N193 N242 N469 N436	N415-0 N498-0 N226-0 N174-0 N10-0
645	U64	11/11/2019 9:00:00 AM	N23 N462 N438 N319 N136 N82 N60	N338-1 N81-0 N198-0 N65-0 N335-1 N234-0 N497-0 N303-0 N429-0 N320-0 N136-0 N362-0 N210-0
646	U41	11/11/2019 9:00:00 AM	N332 N184 N256 N356 N218 N246 N158 N7 N79 N85 N21 N206 N83 N414 N257 N45	N200-0 N97-0 N28-0 N377-0 N18-0
647	U51	11/11/2019 9:00:00 AM	N76 N244 N191 N97 N380 N93 N428 N295 N348 N270 N479 N29 N430 N282	N378-0 N72-0 N189-0 N185-0 N309-0 N197-0 N14-0 N64-0 N389-0
648	U48	11/11/2019 9:00:00 AM	N344 N327 N317 N419 N461 N267 N2 N335 N270 N91 N125 N424 N118 N474	N186-0 N195-0 N453-0 N165-0 N361-0 N452-0 N236-0
649	U11	11/11/2019 9:00:00 AM	N72 N40 N457 N131 N1 N468 N329	N373-0 N338-0 N118-0 N235-1 N101-0 N169-0 N148-0 N57-1 N183-0 N151-1 N159-0
650	U60	11/11/2019 9:00:00 AM	N351 N278 N338 N422 N179 N61 N93 N96 N108 N431 N36	N386-0 N57-0 N380-0 N40-0 N438-0 N447-0 N415-0 N368-0 N176-0 N199-0 N35-0 N175-0 N421-0
651	U82	11/11/2019 9:00:00 AM	N300 N355	N306-0 N226-0 N28-0 N89-0 N320-0 N260-0 N207-1 N10-0 N68-0
652	U45	11/11/2019 9:00:00 AM	N258 N390 N240 N133	N149-0 N176-1 N68-0 N459-0 N197-0 N384-0 N196-0 N496-0 N429-0
653	U70	11/11/2019 9:00:00 AM	N252	N93-0 N138-0 N117-1 N277-0 N273-0 N371-0 N298-0 N317-0 N27-0 N54-0 N46-0 N368-0 N276-0 N144-0
654	U27	11/11/2019 9:00:00 AM	N241 N495 N336 N154 N398 N167 N116 N176 N389 N166 N206 N212 N225 N403 N133 N490 N278	N92-0 N144-0 N187-0 N208-1 N33-0 N132-0
655	U50	11/11/2019 9:00:00 AM		N310-0 N370-0 N70-0 N357-0 N8-1 N78-0 N412-0 N145-0 N323-0 N293-0 N307-0
656	U26	11/11/2019 9:00:00 AM	N313 N465 N292 N440 N392 N497 N232 N459 N412	N229-0 N253-0 N469-0 N268-0 N377-0
657	U0	11/11/2019 9:00:00 AM	N107 N381 N270 N473 N380 N139	N140-0 N375-0 N148-0 N400-0 N169-0 N412-0 N355-0 N206-0 N76-0 N99-0 N428-0 N231-0
658	U63	11/11/2019 9:00:00 AM	N25 N61 N257 N210 N274 N496 N171 N346 N23	N224-0 N134-0 N435-0 N193-0 N221-0 N183-0 N174-0 N55-0 N88-0
659	U3	11/11/2019 9:00:00 AM	N220 N283 N97 N295 N68 N307 N272 N465 N143	N425-1 N52-0 N348-0 N304-0 N31-0 N421-1 N312-0 N429-0 N168-0 N151-0 N444-0 N472-1 N170-0
660	U28	11/11/2019 9:00:00 AM	N11 N479 N485 N483 N207 N115 N435 N298 N300 N239	N305-0 N244-0 N442-0 N269-0 N297-0 N147-0 N333-0 N301-0 N164-0 N366-1 N179-0 N304-0
661	U79	11/11/2019 9:00:00 AM	N64 N478 N374 N103 N447 N467 N130	N179-0 N328-0 N91-0 N351-1 N375-0 N124-0
662	U57	11/11/2019 9:00:00 AM	N466 N388 N266 N317 N261 N361 N421 N445 N135 N26 N323 N367 N237 N310 N193 N200	N137-0 N60-1 N343-0 N123-0 N97-0 N39-1 N13-0 N168-0 N185-0 N361-1
663	U94	11/11/2019 9:00:00 AM		N226-0 N14-0 N32-0 N40-0 N339-0 N176-0 N395-0 N155-1
664	U81	11/11/2019 9:00:00 AM	N499 N379 N125 N355 N491 N487 N489 N164 N370 N433 N459 N367 N129 N77 N188 N65 N160 N392 N361	N97-0 N170-0 N94-0 N473-0 N223-0 N106-0 N34-0 N134-0 N309-1 N118-0
665	U64	11/11/2019 9:00:00 AM	N488 N63 N218 N346 N477 N486 N273 N397 N226	N382-0 N160-0 N373-0 N235-0 N2-0 N390-0 N409-0 N482-0 N375-0 N331-0
666	U59	11/11/2019 9:00:00 AM	N261 N341 N201	N9-0 N150-0 N66-0 N131-0 N444-0 N298-0 N141-0 N121-0 N450-0 N429-0 N22-1 N377-0
667	U56	11/11/2019 9:00:00 AM	N269 N248 N209 N179 N25 N348 N60 N338 N109 N496 N59 N169 N171 N422 N63 N20 N75	N413-0 N194-0 N450-0 N330-0 N137-0 N418-0 N275-0 N489-0 N8-1 N338-1
668	U17	11/11/2019 9:00:00 AM	N82 N495 N263 N171	N264-1 N354-0 N331-0 N63-1 N362-0 N471-0 N393-0 N267-0 N94-0 N495-0 N196-0 N3-1
669	U40	11/11/2019 9:00:00 AM	N367 N481 N336 N385 N368 N459 N378 N276 N114 N236 N411 N491 N307 N48	N344-0 N141-0 N271-0 N409-0 N308-0 N167-0 N207-0 N4-0 N100-0 N5-0
670	U32	11/11/2019 9:00:00 AM	N376 N211 N178 N90 N460 N209 N274 N398 N331	N79-0 N355-0 N89-0 N131-0 N138-0 N432-0 N384-0 N290-0 N360-0 N192-0 N240-0 N26-0 N307-0 N380-0
671	U3	11/11/2019 9:00:00 AM	N420 N220 N155 N163 N440 N460	N298-0 N287-0 N0-0 N481-0 N185-1 N325-0 N327-0 N297-0 N414-0
672	U86	11/11/2019 9:00:00 AM	N478 N3 N425 N480 N140 N454	N317-0 N370-0 N39-0 N146-0 N486-1 N237-0 N15-0 N172-0 N103-0
673	U82	11/11/2019 9:00:00 AM	N395 N332 N111 N77 N105 N191 N223 N363 N74 N200 N334 N87 N386 N341 N416 N265 N431 N15 N315	N396-0 N158-1 N13-0 N12-0 N451-0 N332-1 N434-0 N473-0 N437-0 N262-0
674	U11	11/11/2019 9:00:00 AM	N95	N469-0 N48-0 N348-0 N236-1 N263-0 N371-0 N399-0 N210-0 N286-1
675	U44	11/11/2019 9:00:00 AM	N227 N137 N387 N357 N233 N449 N39 N434 N216 N154	N78-0 N295-0 N31-1 N267-0 N254-0 N325-1 N121-0 N471-0 N122-0 N369-0 N153-0 N107-1 N93-0
676	U14	11/11/2019 9:00:00 AM	N282 N329 N397 N36 N486	N94-0 N114-0 N193-0 N459-0 N1-0 N133-0 N162-0 N326-0 N340-0 N287-0 N56-0 N447-1 N192-0 N225-0
677	U22	11/11/2019 9:00:00 AM	N436 N43 N285 N146 N120 N484 N424 N39 N323 N64 N2 N304 N226 N469 N445 N361 N410	N20-0 N272-0 N403-0 N179-0 N134-0 N132-0 N444-0 N460-1 N49-0 N203-0 N62-0 N156-0
678	U60	11/11/2019 9:00:00 AM	N346 N438 N61 N113 N85 N333 N76 N342 N244 N380 N38 N331 N328 N383 N254 N93	N123-0 N481-0 N181-0 N54-0 N4-0 N228-0 N363-0
679	U39	11/11/2019 9:00:00 AM	N118 N461 N138 N388 N112 N333 N261 N285 N15	N348-0 N116-0 N300-0 N298-0 N262-0 N207-0 N214-0 N441-0 N69-0 N176-0 N166-0
680	U65	11/11/2019 9:00:00 AM	N114 N489 N78 N125 N309	N64-0 N169-1 N478-0 N251-0 N352-0
681	U86	11/11/2019 9:00:00 AM	N159 N314 N132 N123 N374 N130 N101 N203 N58 N279 N212 N103 N293 N299 N235 N470	N318-0 N291-0 N156-0 N128-0 N178-0 N321-0 N428-0 N407-0 N425-1 N356-0 N127-0
682	U69	11/11/2019 9:00:00 AM	N146 N4 N142 N366 N154 N418 N279 N238	N32-0 N367-0 N467-0 N451-0 N253-0
683	U87	11/11/2019 9:00:00 AM	N240 N33 N82 N349 N300 N422 N477 N36	N390-0 N276-1 N158-0 N277-0 N185-0 N29-0 N234-0 N107-0 N197-0
684	U64	11/11/2019 9:00:00 AM	N457 N319	N280-0 N326-0 N233-0 N497-0 N161-0 N381-0 N402-0 N317-0
685	U97	11/11/2019 9:00:00 AM	N209 N166 N264	N236-0 N49-0 N240-0 N51-0 N140-1 N449-0 N83-0 N497-0 N54-1 N20-0 N61-1 N190-0
686	U1	11/11/2019 9:00:00 AM	N91 N362 N336 N373 N289 N365	N187-0 N282-0 N385-0 N306-0 N432-0
687	U46	11/11/2019 9:00:00 AM	N495 N17 N166 N310 N412 N211 N84	N48-0 N40-1 N398-1 N215-0 N92-1 N102-0
688	U97	11/11/2019 9:00:00 AM	N390 N247 N357 N167 N133 N65 N208 N353 N362 N296 N336 N241 N372	N382-0 N14-0 N257-1 N290-0 N443-0
689	U17	11/11/2019 9:00:00 AM	N267 N488 N175 N113 N383 N74	N493-1 N369-0 N293-0 N170-0 N298-0
690	U39	11/11/2019 9:00:00 AM	N293 N443 N257 N78 N2 N323 N419 N490	N54-0 N402-0 N70-0 N4-0 N415-0 N370-0 N63-0 N475-0 N392-0 N260-1
691	U49	11/11/2019 9:00:00 AM	N258 N222 N99 N163 N446 N329 N194 N69 N257 N289 N165	N203-0 N140-0 N63-0 N55-1 N470-1 N239-0 N286-0 N228-0 N336-0 N139-0
692	U86	11/11/2019 9:00:00 AM	N104 N437 N499	N62-0 N121-0 N492-0 N144-0 N168-0 N149-0 N164-0 N133-0
693	U27	11/11/2019 9:00:00 AM	N389 N204 N73 N164 N116 N170	N108-0 N55-0 N289-0 N197-0 N406-0 N480-0 N379-0 N498-0 N46-0 N415-1 N220-0
694	U70	11/11/2019 9:00:00 AM	N374 N458 N397 N151 N57 N393 N425 N299 N377 N454 N426 N414 N415 N38 N1 N435	N215-0 N483-0 N455-0 N389-0 N360-0 N48-1
695	U20	11/11/2019 9:00:00 AM	N140 N149 N375 N423 N133 N340 N220 N336 N178	N46-0 N223-0 N464-0 N34-0 N159-0
696	U34	11/11/2019 9:00:00 AM	N248	N493-0 N318-0 N289-0 N56-0 N412-0 N213-0 N270-1 N437-0
697	U42	11/11/2019 9:00:00 AM	N295 N385 N397 N97 N427 N444	N442-0 N69-0 N250-0 N210-0 N248-0 N242-0 N24-0 N43-0 N176-0 N482-0 N278-0 N282-0
698	U55	11/11/2019 9:00:00 AM	N241 N296 N139 N390 N250 N55 N59 N358 N340 N90 N498 N336 N24 N380 N376 N64	N246-0 N168-0 N352-0 N308-0 N221-0 N272-0 N384-0
699	U79	11/11/2019 9:00:00 AM	N57 N268 N215 N31 N38 N300 N115 N108 N5 N468 N244 N4 N132 N193 N24 N239 N253 N329 N250	N363-0 N100-0 N213-0 N492-1 N392-0 N237-0 N413-0 N20-0 N316-0 N45-0 N166-0
700	U15	11/11/2019 9:00:00 AM	N221 N34 N333 N15	N442-0 N488-0 N429-0 N368-0 N74-0 N362-0 N179-1 N3-0 N207-0 N241-0 N273-0
701	U7	11/11/2019 9:00:00 AM	N260 N160 N137 N320 N117 N419 N30 N484	N40-0 N42-0 N69-0 N25-0 N418-0
702	U65	11/11/2019 9:00:00 AM	N218 N378	N203-0 N92-1 N270-0 N117-0 N285-1 N236-1 N126-0 N57-0 N99-0
703	U82	11/11/2019 9:00:00 AM	N271 N196 N37 N308 N368 N313 N213 N62 N221 N275 N186 N315 N182 N482 N203 N305 N371	N360-0 N440-1 N215-0 N438-0 N37-0
704	U70	11/11/2019 9:00:00 AM	N394 N98 N427 N212 N122 N255 N345 N219 N180	N94-0 N400-0 N206-0 N297-0 N38-1 N187-0 N3-1 N409-0 N76-0
705	U17	11/11/2019 9:00:00 AM	N338 N295 N86 N44 N449 N446 N383	N112-0 N15-0 N12-0 N368-0 N118-0 N402-0
706	U12	11/11/2019 9:00:00 AM	N53 N122 N313 N304 N71 N305 N368	N155-0 N381-0 N88-0 N63-0 N213-1 N2-0 N452-0 N77-0
707	U1	11/11/2019 9:00:00 AM	N301	N432-0 N252-0 N401-0 N22-0 N244-0 N475-0 N245-0 N61-0 N337-0 N385-0 N334-0 N495-0
708	U7	11/11/2019 9:00:00 AM		N479-0 N118-0 N168-1 N397-0 N172-0 N442-0 N36-0 N126-1
709	U32	11/11/2019 9:00:00 AM	N359 N392 N178 N156	N206-0 N394-0 N391-1 N261-0 N372-0 N280-0
710	U35	11/11/2019 9:00:00 AM	N435 N178 N0 N250 N136 N462 N198 N133 N297 N258 N310 N429 N107 N221 N423 N381 N208	N17-0 N131-0 N201-0 N144-0 N298-0 N364-0
711	U70	11/11/2019 9:00:00 AM	N300 N204 N130 N219 N98 N101 N393 N268 N113 N44 N415 N1 N108 N55 N444 N386	N216-1 N485-0 N404-0 N225-0 N278-0 N190-0 N73-0
712	U98	11/11/2019 9:00:00 AM	N58	N140-0 N279-0 N47-0 N203-0 N354-0 N23-0 N264-0
713	U18	11/11/2019 9:00:00 AM	N85 N454 N438 N348 N274 N76 N149 N357 N113 N23 N96	N243-1 N175-0 N387-0 N236-1 N377-0 N395-0 N26-0 N183-0 N154-0 N350-0 N82-0 N149-0 N275-0
714	U6	11/11/2019 9:00:00 AM	N235	N119-0 N32-0 N400-0 N185-1 N62-0 N33-0 N388-0
715	U70	11/11/2019 9:00:00 AM	N299 N110 N478 N4 N204 N468 N405 N412 N24 N31 N268 N3 N273 N126 N407	N11-0 N85-0 N239-1 N357-0 N257-0 N39-0 N228-0
716	U6	11/11/2019 9:00:00 AM	N7 N222 N52 N497 N269 N457 N290 N322 N144 N251 N329	N223-0 N340-0 N337-0 N298-0 N285-0 N227-0 N466-0 N112-0
717	U35	11/11/2019 9:00:00 AM	N247 N190 N198 N398 N25	N107-1 N212-0 N24-0 N210-0 N325-0 N423-0 N75-0 N263-0
718	U44	11/11/2019 9:00:00 AM	N399 N34 N381 N349 N134 N475 N217 N373 N325 N168 N473 N378 N37 N250 N120 N267 N341 N234	N351-1 N124-0 N373-0 N197-0 N133-0 N257-0 N451-0 N290-0 N167-0 N403-0 N11-0
719	U1	11/11/2019 9:00:00 AM	N350 N152 N6 N336 N362 N289 N225 N166 N403 N387 N90 N404 N145 N237 N380 N134	N481-0 N149-1 N274-0 N438-0 N174-0 N6-1 N461-0
720	U93	11/11/2019 9:00:00 AM		N289-0 N381-1 N311-0 N174-0 N37-0 N251-0 N264-0 N397-1 N464-0 N469-0 N491-1 N382-0 N463-1 N156-0
721	U87	11/11/2019 9:00:00 AM	N63 N29 N94 N438 N261 N281 N69 N36 N383 N76 N179 N364 N217 N294 N19 N25 N82 N486	N42-0 N68-0 N137-0 N23-0 N379-1 N435-0 N238-0 N168-0 N448-0 N230-0 N70-0
722	U12	11/11/2019 9:00:00 AM	N177 N124 N318 N425 N194 N111	N281-0 N224-0 N306-0 N262-0 N303-0 N125-0 N381-0 N134-0 N211-0 N21-0 N474-0 N440-0
723	U79	11/11/2019 9:00:00 AM	N132 N450 N299 N253 N339 N366 N57 N239 N425 N374	N402-0 N242-0 N281-0 N140-0 N484-0 N456-0
724	U41	11/11/2019 9:00:00 AM	N165 N194 N144 N414 N12 N329 N257 N480 N27 N62 N284 N50 N408 N147 N115 N364 N476 N7 N449	N31-0 N243-0 N296-0 N449-1 N493-0 N178-0 N333-0 N270-0 N1-0 N432-0 N261-0 N334-1 N281-0
725	U56	11/11/2019 9:00:00 AM	N143 N19 N294 N75 N116 N25 N33 N20 N273 N244	N159-0 N391-0 N105-0 N229-0 N233-0 N235-0 N285-0
726	U74	11/11/2019 9:00:00 AM	N59 N33 N116 N133 N358	N43-0 N268-1 N452-0 N373-0 N187-0 N280-0 N58-0 N14-0 N118-0 N310-0 N306-1 N74-0 N111-0
727	U50	11/11/2019 9:00:00 AM	N11 N5 N212 N130 N203 N51 N287 N354 N40 N338 N38 N401 N219 N264 N470	N452-0 N382-0 N318-0 N272-0 N406-0 N296-0 N312-0 N44-0 N99-0 N456-0 N250-0 N189-0
728	U32	11/11/2019 9:00:00 AM	N107 N343	N69-0 N37-0 N294-0 N147-0 N127-0 N378-0 N9-0 N480-1 N98-0
729	U26	11/11/2019 9:00:00 AM	N7 N351	N118-0 N368-0 N307-0 N354-0 N480-0 N162-1 N345-0 N241-0 N213-0
730	U12	11/11/2019 9:00:00 AM	N395 N311 N333 N203 N265 N214	N292-0 N329-0 N105-0 N262-0 N440-0 N278-0
731	U38	11/11/2019 9:00:00 AM	N101 N57 N115 N215 N402 N180 N61	N7-0 N209-0 N175-0 N150-0 N141-1 N465-0 N62-0 N300-0 N244-0 N155-0 N310-0 N435-0 N259-0 N315-0
732	U79	11/11/2019 9:00:00 AM	N492 N268 N207 N115 N287 N299 N130 N253 N425 N405 N259 N499	N63-0 N493-0 N247-0 N36-0 N187-0 N39-0 N173-0 N91-0
733	U64	11/11/2019 9:00:00 AM	N244 N428 N346 N422 N438 N44 N90 N88 N111 N441 N36 N444 N295	N250-0 N272-0 N148-0 N169-0 N8-0 N270-0 N145-0 N323-0 N446-1 N344-0
734	U11	11/11/2019 9:00:00 AM	N154 N255 N151 N247 N219 N20 N51 N98	N447-0 N271-0 N191-0 N23-0 N205-0 N427-0
735	U81	11/11/2019 9:00:00 AM	N126 N420 N489 N129 N119 N155 N309 N283 N307 N385 N412 N378 N410 N77 N366	N136-0 N89-0 N318-0 N232-0 N421-0 N233-0 N130-0 N24-0 N338-0 N350-0 N393-0 N214-0 N21-0
736	U45	11/11/2019 9:00:00 AM	N84 N481 N490 N376 N409	N338-0 N235-0 N77-0 N428-0 N13-0 N268-0 N420-0 N122-0 N442-0 N471-0
737	U20	11/11/2019 9:00:00 AM	N248 N167 N152 N358 N178 N169 N71 N237 N208 N297 N0 N353 N22	N208-1 N185-0 N186-0 N472-0 N477-0 N255-0 N479-0 N451-0 N68-0 N102-0
738	U15	11/11/2019 9:00:00 AM	N95 N308 N74 N62 N304 N494 N265 N192 N431 N46 N307 N289 N473 N458 N452 N32	N482-0 N6-0 N156-0 N408-0 N123-0 N160-0 N492-0 N247-0 N284-0 N388-0
739	U46	11/11/2019 9:00:00 AM	N116 N474 N398 N145 N277 N289 N495 N403 N140 N248 N462 N393	N29-0 N57-0 N430-0 N325-0 N79-0 N214-1 N466-0 N227-0
740	U41	11/11/2019 9:00:00 AM	N408 N99 N224 N147 N194 N306 N206 N432 N66 N348 N412 N41 N20 N257	N200-0 N248-0 N462-0 N461-1 N55-0 N10-0
741	U53	11/11/2019 9:00:00 AM	N376 N176 N353 N174 N6 N364 N231 N90 N298 N71 N362 N358 N389 N145 N208 N149 N391 N265 N198	N321-0 N95-0 N101-0 N352-0 N327-0 N56-0 N19-0
742	U33	11/11/2019 9:00:00 AM	N489 N378 N143 N459 N455 N70 N218 N125 N121 N77 N327 N379 N491 N263 N129 N367 N262 N48	N433-1 N377-0 N111-1 N30-0 N262-0 N479-0 N372-0
743	U6	11/11/2019 9:00:00 AM	N52 N78	N129-0 N253-0 N110-0 N364-0 N484-1
744	U86	11/11/2019 9:00:00 AM	N17 N394 N426 N471 N457 N287 N122 N249 N298	N90-1 N77-0 N27-0 N97-0 N481-0
745	U17	11/11/2019 9:00:00 AM	N148 N33	N209-0 N143-0 N167-0 N347-1 N45-0 N298-0 N6-0 N432-0 N324-0 N356-0 N170-0 N55-0 N199-0 N126-0
746	U52	11/11/2019 9:00:00 AM	N5 N275 N122 N204 N180 N370	N53-1 N70-0 N59-0 N401-0 N290-0 N282-0 N416-0 N235-0 N287-1 N212-1 N246-0
747	U83	11/11/2019 9:00:00 AM	N0 N390 N290 N211 N283 N391 N141 N90 N176 N402 N203 N73 N365 N389 N140 N498	N29-0 N13-0 N249-0 N167-1 N259-0 N178-1 N402-0 N177-0 N230-0 N428-1 N162-0 N243-0 N19-0
748	U52	11/11/2019 9:00:00 AM	N287 N159 N65 N100 N141 N435 N381 N76 N56 N312 N199 N17 N279 N180 N117 N374 N31	N47-0 N321-0 N63-0 N57-0 N453-0 N327-0 N339-0 N462-0 N404-0
749	U30	11/11/2019 9:00:00 AM	N164 N338 N86 N240 N496 N57 N179 N477 N422 N161 N93 N96	N479-1 N154-0 N491-0 N325-1 N161-1 N147-0 N160-0 N170-0 N273-1 N383-0 N191-0 N335-0 N391-0 N369-0
750	U82	11/11/2019 9:00:00 AM	N124 N100 N318	N145-0 N370-1 N411-1 N211-0 N63-0 N1-0
751	U59	11/11/2019 9:00:00 AM		N154-0 N366-0 N447-0 N121-0 N180-1 N324-0 N323-0 N250-1 N389-0 N42-0 N368-0 N252-1 N115-0
752	U1	11/11/2019 9:00:00 AM	N498 N403 N145 N495 N376 N96 N380 N326 N310 N247 N416 N377 N190 N8	N478-0 N29-0 N321-0 N353-0 N146-0 N77-0 N76-0 N242-0 N348-0 N317-0 N94-0 N471-0 N340-0
753	U46	11/11/2019 9:00:00 AM	N490 N389 N394 N421 N423 N32 N225 N10	N224-1 N10-1 N0-0 N211-0 N125-0 N194-0 N165-0
754	U49	11/11/2019 9:00:00 AM	N214 N377 N159 N7 N224 N83 N183 N251 N66 N444 N301 N131 N78 N404 N54 N194 N171 N21	N266-0 N303-0 N356-0 N420-0 N448-0 N2-0 N494-0 N35-0 N400-1 N200-0 N285-0 N158-0
755	U38	11/11/2019 9:00:00 AM	N239 N122 N392 N51 N207 N314 N86 N115 N437 N300 N143 N154	N221-1 N352-0 N385-0 N135-0 N283-0 N246-0 N398-0 N294-0 N4-1 N211-0 N484-0 N143-0 N328-0 N486-0
756	U88	11/11/2019 9:00:00 AM	N291 N307 N309 N143 N28 N389	N453-0 N121-1 N343-0 N490-0 N313-0 N211-0
757	U43	11/11/2019 9:00:00 AM	N396 N149 N499 N114 N106 N188	N2-0 N248-0 N307-0 N44-0 N401-0 N38-1 N337-0 N311-0 N387-0 N309-0
758	U25	11/11/2019 9:00:00 AM	N371 N121 N87 N271 N311 N265 N394 N368	N275-1 N207-0 N38-0 N50-0 N476-0
759	U54	11/11/2019 9:00:00 AM	N135 N485 N280 N230 N323 N205 N285 N2 N442 N157 N339 N445 N270 N64 N78 N330 N377	N413-0 N296-0 N185-0 N60-0 N295-0 N165-0 N493-0
760	U87	11/11/2019 9:00:00 AM	N33 N386 N273 N171 N113 N319 N182 N153	N314-0 N240-1 N170-0 N24-0 N460-0 N204-0 N494-0 N347-0 N215-1 N11-0
761	U69	11/11/2019 9:00:00 AM	N314 N300 N494	N498-0 N89-0 N141-0 N436-0 N31-1 N49-0
762	U40	11/11/2019 9:00:00 AM	N125 N382 N195 N129 N385 N307 N391 N48 N160 N481 N220 N401 N232	N400-0 N212-0 N65-0 N243-0 N408-0 N158-1 N179-0 N466-0 N115-0 N36-0 N63-0 N74-0 N275-0
763	U30	11/11/2019 9:00:00 AM	N170 N80 N18 N29 N422 N438 N63 N488 N362 N20 N427	N224-0 N383-1 N261-0 N256-1 N201-0 N365-0 N313-0 N7-0 N419-0 N308-0
764	U3	11/11/2019 9:00:00 AM	N309 N307 N143 N429 N155 N262 N352 N455 N499 N347 N440 N469	N204-1 N208-0 N249-0 N19-0 N111-0
765	U89	11/11/2019 9:00:00 AM	N427 N250 N459 N120 N492 N30 N117 N234	N261-0 N396-0 N238-0 N74-0 N298-0 N232-0
766	U38	11/11/2019 9:00:00 AM	N170 N420 N251 N447 N299 N8 N437 N468 N108 N268 N1 N65 N98 N154 N199 N300	N162-1 N214-0 N156-0 N218-1 N291-0 N155-0 N124-1 N325-0 N91-0 N386-0 N12-0
767	U63	11/11/2019 9:00:00 AM	N86 N281 N63 N60 N23 N311 N207 N44 N319 N97 N321 N182 N391 N113 N383 N496 N342	N131-0 N405-1 N202-0 N480-0 N305-0 N468-0 N228-0
768	U76	11/11/2019 9:00:00 AM	N417 N444 N161 N446 N81	N260-0 N255-0 N296-1 N460-0 N39-1 N494-0 N368-0 N272-0 N74-0 N12-0 N106-0 N188-0 N38-1
769	U25	11/11/2019 9:00:00 AM	N485 N100 N451 N124	N219-0 N402-0 N177-1 N346-0 N90-0 N289-0 N384-0 N124-0 N131-0
770	U85	11/11/2019 9:00:00 AM	N33 N240 N186 N273 N360 N274 N488 N498 N85	N457-0 N498-0 N429-0 N256-0 N142-1 N263-0 N5-0 N137-0
771	U37	11/11/2019 9:00:00 AM	N97 N113 N322 N182 N55 N23 N346	N369-0 N359-0 N415-0 N113-1 N432-0 N84-0 N323-0 N279-0 N117-0 N148-0 N61-1
772	U71	11/11/2019 9:00:00 AM	N338 N60 N113 N383 N93 N334 N430 N486 N35 N131 N428 N397 N346 N438 N390 N319 N44	N311-0 N485-0 N69-0 N334-1 N240-0 N152-1 N116-0 N495-0 N380-0 N402-0 N23-0
773	U27	11/11/2019 9:00:00 AM	N380 N358 N209 N481 N365 N460 N336 N90 N277 N362 N247 N307 N83 N6 N409 N112	N24-0 N185-0 N227-0 N150-0 N389-0 N414-0 N450-0 N189-0 N127-0 N65-0 N94-0 N418-0 N273-0
774	U64	11/11/2019 9:00:00 AM	N338 N328 N36 N175 N44 N214 N88 N362 N282 N479 N171 N295 N108 N109	N279-0 N41-0 N291-0 N382-0 N429-0 N64-0 N154-0 N305-0 N94-0 N218-0 N0-0 N59-0 N438-0 N112-0
775	U92	11/11/2019 9:00:00 AM	N383 N449 N429 N99 N206 N329 N163 N9 N127 N227 N345 N230 N352 N251 N52	N367-0 N301-0 N216-0 N335-0 N224-1 N473-0 N6-0 N380-0 N28-0 N378-1
776	U14	11/11/2019 9:00:00 AM	N274 N216 N171 N123 N61 N278 N397 N261 N36 N430 N383 N214 N302 N474 N328 N488	N388-0 N314-0 N244-1 N228-0 N116-0 N193-0 N161-0 N16-0 N88-1 N2-0 N284-0 N305-0 N105-0
777	U18	11/11/2019 9:00:00 AM	N338 N438 N182 N23 N430 N46 N274 N75 N132 N321 N18 N360 N68 N486 N63 N254 N96 N282	N345-0 N189-0 N403-0 N410-1 N390-0 N371-0 N313-0 N69-0 N40-0 N328-0 N49-0 N240-0
778	U59	11/11/2019 9:00:00 AM	N371	N20-0 N89-0 N357-0 N322-1 N86-0 N353-0 N181-0 N318-0 N434-1 N284-0 N104-0
779	U1	11/11/2019 9:00:00 AM		N490-1 N134-0 N432-0 N255-0 N221-0 N251-0 N284-0
780	U48	11/11/2019 9:00:00 AM	N436 N347 N467 N70	N467-0 N116-0 N267-0 N132-0 N126-1 N430-0 N437-0
781	U42	11/11/2019 9:00:00 AM	N96 N92 N29 N346 N479 N93 N207 N86 N217	N498-0 N142-0 N36-0 N347-1 N74-0 N340-0 N485-0 N23-0 N331-0 N62-0 N230-0
782	U34	11/11/2019 9:00:00 AM	N351	N309-1 N126-0 N349-0 N214-0 N312-0 N121-0 N345-0 N484-0 N392-0 N270-0 N462-0
783	U99	11/11/2019 9:00:00 AM	N338 N496 N86 N256 N49 N479 N254 N428 N33 N179	N63-1 N357-0 N174-0 N113-0 N402-0 N233-1 N418-0 N106-0 N415-0 N120-0 N166-1 N314-0 N274-0 N469-0
784	U50	11/11/2019 9:00:00 AM	N38 N207 N51 N466 N3 N222 N426 N405 N255	N410-0 N425-1 N49-0 N318-0 N285-0 N10-0 N311-0 N475-0 N421-0
785	U96	11/11/2019 9:00:00 AM	N240 N489 N64 N75 N129 N420 N77 N385 N463 N143 N160 N48 N236 N392 N292 N339 N487	N369-0 N367-0 N132-0 N72-0 N351-0 N431-0 N379-0 N389-0 N409-0 N106-0 N247-0 N385-1
786	U14	11/11/2019 9:00:00 AM	N244 N360 N123 N427 N109 N90 N85 N344 N479 N488 N103 N97 N60 N328 N496 N319 N86 N18 N291	N63-0 N116-0 N368-0 N233-0 N265-0
787	U69	11/11/2019 9:00:00 AM	N126 N115 N239 N275	N226-0 N428-0 N351-0 N404-0 N259-0 N117-0
788	U12	11/11/2019 9:00:00 AM	N89 N340 N95 N174 N363 N191 N431 N337 N213 N452 N155 N31 N411 N313 N311	N381-0 N49-0 N378-0 N265-1 N311-1 N315-1 N466-1 N288-0 N261-0 N2-0 N136-0 N64-0
789	U21	11/11/2019 9:00:00 AM	N380 N77 N235 N465 N216 N420 N34 N164 N155 N171 N195	N210-0 N158-0 N315-0 N262-1 N188-0 N155-0 N62-0 N239-1 N171-0 N136-0 N30-0 N66-0
790	U77	11/11/2019 9:00:00 AM	N224 N388 N147 N184 N50 N406 N257 N293	N241-0 N182-0 N387-0 N15-0 N68-0 N152-0 N289-0 N115-0 N96-0 N139-0 N353-0
791	U93	11/11/2019 9:00:00 AM	N119 N77 N347 N235 N220 N385 N4 N104 N136 N188 N433 N456 N34 N125 N272 N232	N46-0 N194-0 N466-0 N50-0 N71-0 N421-0 N407-0 N153-0 N186-0 N80-0 N134-0 N482-0 N155-0 N14-0
792	U20	11/11/2019 9:00:00 AM	N336 N289 N135 N241 N293 N140 N296 N310 N32 N152 N163 N365 N107 N73 N484 N209 N133	N265-0 N263-1 N179-0 N371-0 N235-0 N423-1 N108-1 N24-0 N175-0 N396-0 N17-0 N449-0 N479-0 N452-0
793	U32	11/11/2019 9:00:00 AM	N90 N297 N389 N290 N247 N404 N456 N107 N167	N43-0 N331-0 N121-0 N1-0 N201-0 N149-0 N207-0 N308-0 N285-0
794	U85	11/11/2019 9:00:00 AM		N306-0 N68-0 N309-0 N397-0 N413-0 N234-0 N38-0 N5-0 N143-1 N439-0 N265-1
795	U67	11/11/2019 9:00:00 AM	N484 N74 N46 N420 N15 N191 N181 N215 N355 N416 N221	N304-0 N406-0 N259-1 N191-0 N25-0 N41-0
796	U25	11/11/2019 9:00:00 AM	N111 N196 N232 N369 N62 N181 N321 N485 N186 N125 N213 N174	N446-0 N335-0 N73-0 N246-0 N122-0 N229-0 N482-0 N208-0
797	U45	11/11/2019 9:00:00 AM	N258 N10 N340 N410 N389 N73 N156 N198 N335 N122 N495 N336 N21 N296 N116 N362	N41-0 N435-0 N494-0 N94-1 N271-0 N402-0 N114-0
798	U13	11/11/2019 9:00:00 AM	N425 N122 N386 N110 N11 N17 N394 N476 N219 N111 N369	N152-0 N309-0 N186-0 N315-0 N329-0 N453-0 N25-0 N194-0 N407-0 N476-0 N180-0 N303-0 N108-1
799	U40	11/11/2019 9:00:00 AM	N154 N138 N34 N489 N28 N283 N114 N455 N129 N164	N17-0 N145-0 N422-0 N241-0 N341-0 N63-0 N345-0 N359-0 N122-0 N415-0 N277-0 N248-0
800	U33	11/11/2019 9:00:00 AM	N236 N489 N333	N258-0 N165-0 N129-0 N392-1 N446-0 N424-0 N481-1 N121-1 N397-0 N90-0 N277-0 N435-0 N373-0
801	U81	11/11/2019 9:00:00 AM	N185 N125	N197-1 N70-1 N66-0 N337-0 N488-0 N14-0 N212-0 N426-0 N303-0 N351-1 N474-0 N315-0 N384-0
802	U86	11/11/2019 9:00:00 AM	N255 N8 N102	N355-0 N321-0 N108-0 N347-0 N473-0 N154-1 N414-0 N101-1 N243-0 N120-0 N131-0 N31-0 N287-0
803	U84	11/11/2019 9:00:00 AM	N16 N361 N493 N449 N145 N407	N170-0 N175-0 N196-0 N326-0 N76-0 N323-0 N467-0 N351-0
804	U23	11/11/2019 9:00:00 AM	N408 N92 N144 N27 N83 N131 N319 N59 N406 N414 N470 N432 N134 N184 N50 N218 N321 N316	N193-0 N323-0 N268-0 N1-0 N283-0 N374-0 N27-0 N313-0 N414-0 N192-0 N492-0 N128-0 N432-1
805	U2	11/11/2019 9:00:00 AM	N18	N210-0 N413-0 N141-0 N494-0 N160-0 N312-0 N93-0 N433-0 N86-0 N97-0 N108-0
806	U17	11/11/2019 9:00:00 AM	N61 N479 N23 N214	N1-0 N353-0 N82-1 N155-0 N271-0 N411-0 N166-0 N105-0
807	U71	11/11/2019 9:00:00 AM	N60 N182 N258 N274 N29 N86 N282 N302 N360 N42 N39 N217 N75 N438 N153 N477 N294	N440-0 N18-1 N323-0 N149-0 N54-0 N337-0 N380-0 N463-0 N483-0 N487-0 N382-0 N481-0 N5-0 N73-0
808	U23	11/11/2019 9:00:00 AM	N333 N131 N303 N35 N352 N206 N461 N83 N92 N54 N472 N184 N306 N144 N222 N205 N313	N484-1 N32-0 N470-0 N290-0 N160-0 N437-0 N208-0 N419-0 N276-0 N305-0
809	U71	11/11/2019 9:00:00 AM	N274 N272 N281 N415 N113 N269 N240 N76 N263 N328 N278 N338 N88 N316 N25 N128 N217	N318-0 N77-0 N498-0 N165-0 N486-0 N489-0 N412-0 N252-1 N216-0 N456-0 N203-0 N95-0
810	U85	11/11/2019 9:00:00 AM	N85 N338 N61 N348 N273 N346 N36 N25 N27 N232	N208-0 N43-0 N174-0 N163-0 N478-0 N243-0 N44-0 N32-0
811	U19	11/11/2019 9:00:00 AM	N17	N58-0 N54-0 N487-0 N212-0 N477-0 N160-0 N356-0
812	U36	11/11/2019 9:00:00 AM	N308 N337 N416 N186 N294 N452 N487 N87 N411	N302-0 N478-0 N499-0 N11-1 N47-0
813	U21	11/11/2019 9:00:00 AM		N226-0 N156-0 N87-0 N45-0 N474-0 N104-0 N314-0 N396-1 N273-0 N252-0 N381-0 N178-0 N325-0
814	U37	11/11/2019 9:00:00 AM	N422 N85 N209 N342 N319 N18 N41 N479 N417 N25 N76 N278 N346 N20 N457 N23 N269	N132-0 N31-0 N342-0 N35-0 N252-0 N151-0 N391-0 N145-0 N191-0 N357-0 N313-0 N466-0
815	U61	11/11/2019 9:00:00 AM	N447 N94 N293 N331 N359 N173 N67 N261	N318-0 N462-0 N1-0 N334-0 N363-0 N248-0 N243-0 N100-0
816	U97	11/11/2019 9:00:00 AM	N389 N174 N381 N90 N398 N390 N441 N6	N6-1 N137-0 N233-0 N469-0 N438-0 N199-0 N75-0 N93-0 N66-0 N201-0 N41-0 N125-0
817	U43	11/11/2019 9:00:00 AM	N256 N309 N392 N440	N294-0 N463-0 N449-0 N373-0 N375-0 N487-0 N314-0 N123-0 N255-0 N48-1 N72-0 N237-0 N125-0 N368-0
818	U98	11/11/2019 9:00:00 AM	N461 N259 N169 N371 N488 N22 N344 N243 N384 N373 N80	N495-0 N309-0 N419-0 N93-0 N5-0 N208-0
819	U60	11/11/2019 9:00:00 AM	N313 N157 N346 N217 N109 N360 N422 N409 N397 N294 N63	N293-0 N493-0 N470-0 N339-0 N354-0 N263-1 N75-1 N208-0 N103-0 N74-0 N91-0 N274-0 N8-0
820	U80	11/11/2019 9:00:00 AM	N120 N364 N100 N382 N383 N30 N434 N255 N19 N228 N245 N407 N252	N491-0 N422-0 N55-0 N44-0 N162-1 N94-0 N447-0 N60-0 N134-0 N112-0 N297-0
821	U25	11/11/2019 9:00:00 AM	N371 N271 N410 N177 N270 N452 N34 N62 N192 N191 N174 N333 N334 N285 N451 N395 N47	N205-0 N10-0 N411-1 N391-0 N349-0 N241-0 N416-1 N13-1 N207-0 N221-0
822	U0	11/11/2019 9:00:00 AM	N340 N84 N359 N247 N409 N389 N447 N156 N305 N172 N178	N15-0 N185-0 N426-0 N430-1 N375-0 N97-0 N3-1 N78-0 N464-0 N117-0 N46-0 N159-0 N170-0
823	U82	11/11/2019 9:00:00 AM	N455 N471 N311 N436 N271 N452 N369 N47 N464 N223 N313 N357 N265 N485 N308 N191 N62 N337 N494	N190-1 N23-0 N85-0 N81-0 N250-0 N15-1 N34-0 N30-0 N234-0 N323-0 N86-0 N277-0
824	U58	11/11/2019 9:00:00 AM	N155 N2 N91 N146 N327 N467 N32 N280 N293 N200 N370 N306 N446 N14 N266 N242 N461 N426 N323	N112-0 N452-0 N275-0 N196-0 N431-0 N276-0 N108-0 N306-0 N378-0 N206-0
825	U10	11/11/2019 9:00:00 AM	N260 N373 N202 N448 N387 N7 N416 N134 N234	N394-0 N362-0 N299-0 N130-0 N137-1 N498-0 N305-0 N19-0
826	U49	11/11/2019 9:00:00 AM	N345 N432 N228 N21 N230 N338 N316 N35 N284 N352 N390 N224 N83 N301 N429	N473-0 N212-0 N190-0 N433-0 N413-0 N485-0
827	U94	11/11/2019 9:00:00 AM	N496 N88 N479 N428 N278 N486 N378 N75 N295 N217 N206 N23 N76 N101 N281	N283-0 N8-0 N282-0 N101-0 N219-0 N218-1 N254-0 N415-0 N125-0 N384-0 N300-0 N119-0
828	U12	11/11/2019 9:00:00 AM	N46 N395 N458 N177 N387 N191 N363 N72 N174 N213 N416 N346	N74-0 N370-0 N307-0 N422-0 N22-0 N222-0 N403-1 N444-0 N445-0 N421-0 N383-1 N293-0 N268-0 N2-0
829	U33	11/11/2019 9:00:00 AM	N258 N129 N489 N121 N34 N220 N119 N351 N347 N307 N160 N353 N195 N3 N272 N188 N465 N416	N171-0 N268-0 N388-0 N396-1 N189-0 N476-0 N147-0 N211-1 N56-0 N108-0
830	U26	11/11/2019 9:00:00 AM	N309 N489 N77 N432 N272 N114 N125 N262 N487 N459 N14 N121 N276 N312	N348-0 N276-0 N209-0 N223-0 N373-0
831	U15	11/11/2019 9:00:00 AM	N271 N95 N53 N34 N186 N416 N196 N266 N87 N471 N494 N15 N332 N219 N47 N313 N452 N488 N369	N191-1 N447-1 N98-0 N295-0 N168-0 N262-0 N69-0 N8-0 N365-0 N444-0 N156-0 N454-0 N478-0 N163-1
832	U82	11/11/2019 9:00:00 AM	N196 N334 N288	N333-0 N492-0 N132-0 N332-1 N54-0 N346-0
833	U76	11/11/2019 9:00:00 AM	N197 N442 N2 N436 N232 N384 N13	N478-0 N275-0 N269-0 N68-0 N207-0
834	U1	11/11/2019 9:00:00 AM	N390 N176 N198 N140 N32 N380 N353 N461 N358 N420 N237 N156 N340 N79 N247 N145 N351 N389	N446-0 N278-0 N472-0 N264-0 N110-1 N272-0 N454-0 N175-0 N417-1 N232-0 N443-0 N481-1
835	U4	11/11/2019 9:00:00 AM	N38 N199 N56 N238 N253 N24 N346 N102 N405 N314 N72 N393 N325 N203 N140	N255-0 N456-0 N77-1 N467-0 N286-0 N136-0 N453-0 N427-0
836	U44	11/11/2019 9:00:00 AM	N466 N350 N245 N385 N407 N229	N89-0 N169-1 N341-1 N98-0 N241-0 N76-0 N212-0 N114-0 N415-0 N324-0 N406-0 N361-0
837	U4	11/11/2019 9:00:00 AM	N130 N279 N366 N390 N299 N395 N468 N238 N132 N241 N4 N58 N110 N313 N103 N101 N312	N47-0 N497-0 N398-0 N390-0 N419-0 N329-0 N286-0 N12-0 N228-0 N11-0 N244-0 N138-0 N319-0
838	U5	11/11/2019 9:00:00 AM	N493 N320 N434 N229 N279 N442 N449	N150-1 N118-0 N325-0 N292-0 N463-0 N51-0 N44-0 N284-0 N369-0 N466-0 N252-1 N336-0
839	U73	11/11/2019 9:00:00 AM	N252 N164 N412 N460 N499 N367 N188	N123-0 N59-0 N0-0 N405-0 N307-1 N16-0 N257-0
840	U88	11/11/2019 9:00:00 AM	N34 N77 N125 N396 N300	N61-1 N329-0 N137-0 N479-0 N174-0 N471-0 N108-0 N158-0
841	U98	11/11/2019 9:00:00 AM	N345 N227 N162	N202-0 N186-0 N309-0 N139-0 N271-0
842	U47	11/11/2019 9:00:00 AM	N270 N261 N316 N214 N421 N370 N402 N470 N157 N488 N42 N456 N118 N112 N14 N339 N424	N214-0 N352-0 N377-0 N35-0 N365-0 N283-0 N168-0 N167-0 N430-1 N296-0 N175-0 N155-0 N53-0 N157-1
843	U98	11/11/2019 9:00:00 AM	N80 N137 N252 N453 N93 N291 N473 N499 N372 N373	N365-0 N440-0 N42-0 N188-0 N68-0 N207-0 N169-1 N412-0 N358-0 N356-0 N326-0 N476-0 N147-0 N92-0
844	U47	11/11/2019 9:00:00 AM	N14 N81 N370 N26 N144 N456	N35-0 N371-0 N96-0 N460-0 N177-0 N423-0 N107-0 N176-0 N136-0 N363-0 N204-1 N273-0 N223-1
845	U8	11/11/2019 9:00:00 AM	N143 N489 N496 N333 N459 N463	N193-0 N140-0 N23-0 N191-0 N427-1 N360-0 N303-0 N42-0 N18-0 N474-0 N211-0 N318-0 N336-0 N155-1
846	U82	11/11/2019 9:00:00 AM	N369 N392 N471 N89 N221 N107	N185-0 N123-0 N330-0 N211-0 N228-0 N325-0
847	U3	11/11/2019 9:00:00 AM	N220 N121 N292 N164 N276 N51 N417 N129 N489 N185 N481 N351 N455 N379	N87-0 N256-0 N152-0 N200-0 N327-1 N197-0 N58-0 N283-1 N460-0
848	U83	11/11/2019 9:00:00 AM		N154-0 N109-0 N346-0 N419-0 N197-0
849	U7	11/11/2019 9:00:00 AM	N202 N30 N453 N423 N288 N16 N28	N12-0 N286-0 N148-0 N422-0 N294-0
850	U22	11/11/2019 9:00:00 AM	N470 N442 N64 N172 N81 N370 N193 N161 N445 N229 N157 N135 N285 N309	N284-0 N467-0 N484-0 N471-0 N498-0 N35-0 N194-0 N316-0 N13-0 N424-1 N352-0 N55-0
851	U26	11/11/2019 9:00:00 AM		N191-0 N193-0 N350-0 N99-0 N11-1 N27-0 N301-0
852	U46	11/11/2019 9:00:00 AM	N186 N32 N232 N17 N358 N139 N409 N6 N209 N290 N178 N390 N167 N253 N176 N149 N498 N359	N448-0 N214-0 N1-0 N60-0 N305-0 N69-0 N141-0 N340-0 N392-0 N334-0 N367-0 N445-0 N55-0 N71-1
853	U99	11/11/2019 9:00:00 AM	N213 N44 N182 N430 N427 N82 N98 N274 N477 N447 N20 N61 N295 N88 N273	N60-1 N478-0 N259-0 N444-0 N64-0 N20-0 N81-0 N35-0
854	U81	11/11/2019 9:00:00 AM	N224 N114 N378 N292	N236-0 N105-1 N9-0 N67-0 N343-0 N416-0 N379-1 N83-0 N134-0 N340-0
855	U48	11/11/2019 9:00:00 AM	N361 N314	N72-0 N198-0 N175-0 N245-0 N354-0 N435-0 N476-0 N394-0 N368-0 N380-0 N75-0
856	U62	11/11/2019 9:00:00 AM	N311 N248 N267 N37 N384 N22 N55 N450 N252 N117	N418-0 N163-0 N230-0 N20-0 N285-0 N387-0 N402-0 N246-0 N43-0 N345-0 N131-0 N24-0 N456-0 N330-0
857	U15	11/11/2019 9:00:00 AM	N343 N275 N411 N439 N186 N49 N375 N74 N177 N334 N159 N200 N296 N124 N105 N395	N47-0 N288-0 N43-0 N399-0 N364-0 N38-0 N159-0 N292-0
858	U68	11/11/2019 9:00:00 AM	N229 N117 N447 N379 N162 N16	N285-0 N204-0 N383-0 N426-0 N408-0 N338-0
859	U98	11/11/2019 9:00:00 AM	N113 N350 N464 N384	N269-0 N205-0 N24-0 N388-0 N173-0 N499-0 N340-0 N312-0 N120-1 N432-0 N220-0 N215-0
860	U2	11/11/2019 9:00:00 AM	N195 N134	N85-0 N269-0 N436-0 N305-0 N267-0 N484-0 N309-1
861	U55	11/11/2019 9:00:00 AM	N247 N290 N495 N251 N150 N365 N376 N277 N59 N237	N126-1 N370-0 N336-0 N371-0 N235-0 N176-1 N89-0 N223-0
862	U9	11/11/2019 9:00:00 AM	N275 N186 N74 N168	N19-0 N73-0 N224-0 N75-0 N296-0 N128-0 N185-0 N3-0
863	U25	11/11/2019 9:00:00 AM	N411 N375 N74 N290 N300 N369 N49 N139 N275 N174 N47	N374-1 N453-0 N339-0 N371-1 N417-0 N79-0 N64-0 N232-0 N424-0 N325-0 N429-0
864	U57	11/11/2019 9:00:00 AM	N410 N293 N312 N112	N40-0 N424-0 N466-1 N472-0 N79-0 N358-0 N378-0 N196-0 N59-0 N402-0 N254-0
865	U54	11/11/2019 9:00:00 AM	N470 N351 N14	N333-1 N244-0 N42-0 N452-0 N149-0
866	U45	11/11/2019 9:00:00 AM	N71 N152 N381 N376 N474 N403 N7 N208 N289 N97 N241	N288-0 N367-0 N232-0 N409-0 N314-0 N437-0 N9-0 N21-0 N255-0 N219-0 N370-1 N459-0 N23-0 N287-0
867	U80	11/11/2019 9:00:00 AM		N381-0 N137-1 N111-0 N462-0 N234-1 N52-0 N71-0 N281-0 N215-0 N180-0 N392-0
868	U43	11/11/2019 9:00:00 AM		N48-0 N328-0 N321-0 N204-0 N195-1
869	U36	11/11/2019 9:00:00 AM	N223 N46 N53 N57 N318 N87 N356	N99-0 N200-1 N343-0 N142-0 N177-0 N170-0 N155-0 N498-0 N307-0 N187-0 N56-0 N238-0 N46-1
870	U13	11/11/2019 9:00:00 AM	N264 N151 N141 N215 N104 N212 N124 N105 N468 N405 N7 N102 N153	N469-0 N328-0 N98-0 N171-0 N286-0 N103-0 N135-0 N168-0 N167-1 N376-0 N155-0 N280-0 N444-0
871	U60	11/11/2019 9:00:00 AM	N143 N254 N96 N33 N328 N217 N29 N488 N269 N479 N313 N299	N322-0 N168-0 N291-0 N307-0 N244-1 N73-0 N263-1 N17-0 N336-0
872	U89	11/11/2019 9:00:00 AM	N396 N399 N234 N64 N291 N492 N453 N434 N202 N369 N407 N252 N493 N286 N450	N467-0 N360-0 N363-0 N462-0 N286-1 N398-0 N244-0
873	U14	11/11/2019 9:00:00 AM	N430 N464 N348 N342 N171 N215 N60	N8-1 N133-0 N127-0 N261-0 N134-0 N38-1 N35-0 N188-0 N58-0 N381-0 N183-0
874	U33	11/11/2019 9:00:00 AM	N367 N472 N396 N357	N322-0 N28-0 N250-0 N295-0 N198-1
875	U35	11/11/2019 9:00:00 AM	N419 N8	N396-0 N315-0 N427-0 N379-0 N176-0
876	U39	11/11/2019 9:00:00 AM	N67 N361 N146 N70 N161 N410 N370 N297 N488 N91 N94 N13 N467 N187 N417 N372 N272 N138	N414-1 N403-0 N11-0 N198-1 N288-1 N243-0 N146-0 N254-0
877	U40	11/11/2019 9:00:00 AM	N308 N489 N367 N129 N282 N155 N188	N110-0 N204-0 N140-0 N262-0 N108-1
878	U57	11/11/2019 9:00:00 AM	N145 N436 N388 N461 N28 N173 N274 N43 N343 N242 N91 N466 N230 N482 N249 N331	N378-0 N165-0 N173-0 N34-0 N113-0 N326-0 N254-0 N101-0
879	U80	11/11/2019 9:00:00 AM	N91 N484 N291 N407 N399 N426 N234 N286 N134 N262 N402 N260 N373 N475 N172	N274-0 N198-0 N463-0 N215-0 N323-0 N319-0 N239-0 N291-0 N363-0
880	U95	11/11/2019 9:00:00 AM	N370 N273 N410 N498 N81 N91	N299-0 N455-0 N138-0 N25-1 N464-0 N45-0
881	U10	11/11/2019 9:00:00 AM	N364 N119 N245 N470 N372 N267 N344 N259 N201 N286 N240 N407 N350 N44 N493 N250 N399 N382	N320-1 N72-0 N342-0 N306-0 N77-0 N122-1 N426-0 N361-0 N289-0 N228-0 N392-0 N226-0
882	U99	11/11/2019 9:00:00 AM	N428 N391 N218 N36 N75 N29	N313-0 N443-0 N126-0 N257-0 N49-0 N219-0 N281-1
883	U24	11/11/2019 9:00:00 AM	N273 N115	N95-0 N261-0 N212-0 N262-0 N471-0 N289-0 N258-0 N222-0 N454-1 N394-1 N124-0 N462-0
884	U72	11/11/2019 9:00:00 AM	N364 N331 N419 N445 N197	N408-0 N45-0 N461-1 N9-0 N2-1 N404-0 N206-0 N27-0 N58-0 N244-0 N154-0 N475-0 N72-0
885	U53	11/11/2019 9:00:00 AM	N153 N386 N71 N188 N185 N324 N423 N376 N340 N167 N59 N190 N289 N498 N166 N358 N0	N99-0 N217-0 N448-0 N65-0 N453-0 N288-0 N216-0 N90-0 N141-0 N124-0 N189-0 N78-0 N138-0 N463-0
886	U27	11/11/2019 9:00:00 AM	N170 N8 N143 N324 N289 N190 N358 N152 N208 N133 N122 N32 N292 N178 N205 N156 N310 N409	N195-0 N273-0 N349-0 N84-0 N373-0 N113-0 N52-0 N178-1 N497-0 N420-0 N62-0 N144-0 N124-0
887	U31	11/11/2019 9:00:00 AM	N105 N281 N62 N363	N301-0 N373-0 N397-0 N136-1 N166-0 N389-0 N126-0 N15-1 N131-0
888	U87	11/11/2019 9:00:00 AM	N119 N113 N63 N281 N424 N295 N348 N342 N76 N273 N33 N36 N400	N325-0 N139-0 N456-1 N129-0 N384-0 N56-0 N113-0 N327-0 N467-0 N411-0
889	U99	11/11/2019 9:00:00 AM	N273 N479 N263 N44 N254 N202 N383 N183 N36 N63 N328 N126 N430	N92-0 N334-0 N159-0 N496-0 N144-0 N345-0 N424-0 N269-1 N481-0 N139-0 N421-0 N257-0
890	U90	11/11/2019 9:00:00 AM	N120 N100 N80 N248 N134 N55 N391 N16 N484	N81-0 N85-0 N106-0 N99-0 N228-1
891	U6	11/11/2019 9:00:00 AM		N247-1 N375-0 N331-0 N464-0 N36-0 N352-1 N492-1 N23-0 N267-0 N469-0 N147-1 N120-0 N179-0 N119-0
892	U19	11/11/2019 9:00:00 AM	N16 N260 N413 N362 N484 N375 N30 N100 N80 N245 N218 N233 N229 N288 N475	N321-0 N199-0 N217-0 N74-0 N292-0 N390-1 N43-0
893	U85	11/11/2019 9:00:00 AM	N428 N171 N294 N422 N191 N115	N269-0 N202-1 N93-0 N388-0 N10-0 N21-0 N184-0 N235-0
894	U74	11/11/2019 9:00:00 AM	N152 N326 N133 N441 N376 N208 N460 N415 N166 N259 N145 N59 N107	N394-0 N120-0 N312-0 N260-0 N56-0 N268-0 N425-0 N262-0 N359-0 N338-0 N461-0 N467-0 N12-0
895	U43	11/11/2019 9:00:00 AM	N455 N465 N319 N433 N93 N232 N309 N236 N347 N489 N153 N262 N481 N367 N220 N119 N351 N444	N129-1 N191-0 N215-0 N130-0 N487-1 N372-0 N194-0 N23-0 N248-0 N447-0 N105-0
896	U9	11/11/2019 9:00:00 AM		N300-0 N148-0 N338-0 N370-0 N403-0
897	U60	11/11/2019 9:00:00 AM	N29 N38 N60 N295 N496 N227 N86 N44 N328 N244	N431-0 N80-0 N20-1 N393-0 N287-1 N31-0
898	U8	11/11/2019 9:00:00 AM	N292 N68 N396 N428 N114 N488 N347 N351 N379 N272	N349-0 N171-0 N314-0 N4-0 N9-0 N59-0 N343-0 N419-0
899	U13	11/11/2019 9:00:00 AM	N199 N499 N386 N354 N437 N298 N279 N24 N192 N11 N379 N425 N468 N126 N445 N57 N478	N494-0 N348-0 N8-0 N371-0 N73-0 N491-0 N408-1 N411-0 N267-0 N449-0 N402-0 N18-0
900	U89	11/11/2019 9:00:00 AM	N357 N62 N399 N117 N341 N250 N4 N137	N99-0 N187-0 N339-0 N66-0 N98-0
901	U16	11/11/2019 9:00:00 AM	N334 N62 N53 N411 N439 N451 N221 N213 N351 N448 N315 N21 N105 N191 N452 N177 N287 N375 N15	N430-0 N194-0 N284-0 N247-0 N222-0 N429-0 N255-0
902	U91	11/11/2019 9:00:00 AM	N22 N345	N432-0 N442-0 N204-1 N366-0 N293-1 N225-0 N353-0 N6-0 N73-0 N341-0 N476-1 N473-0 N158-1
903	U77	11/11/2019 9:00:00 AM	N343 N218	N472-0 N307-0 N448-0 N404-0 N263-0
904	U7	11/11/2019 9:00:00 AM	N330 N216 N169 N162 N473 N448 N267 N259 N344 N402 N291 N22 N201 N492 N260 N21 N289 N106 N358	N393-0 N309-0 N437-0 N247-0 N357-1
905	U22	11/11/2019 9:00:00 AM	N193 N2 N469 N210 N293 N230 N138 N112 N117 N135 N335 N377 N174 N466 N370 N280 N356 N118 N367	N122-0 N64-0 N244-0 N282-1 N145-0
906	U57	11/11/2019 9:00:00 AM	N445 N280 N197 N118 N2 N176 N373 N331 N115 N482 N200 N227 N285 N323 N343 N173 N442 N370 N470	N495-0 N273-0 N238-0 N330-0 N268-0 N37-0
907	U72	11/11/2019 9:00:00 AM	N285 N461 N72 N78 N106 N323 N320 N91 N466 N445	N316-0 N236-0 N423-0 N467-0 N290-0 N56-0 N329-0 N217-0 N32-0
908	U94	11/11/2019 9:00:00 AM	N11 N44 N176 N75 N441 N61 N430 N281 N175 N288 N113 N33 N422 N96 N258 N488 N244 N397	N393-0 N252-0 N399-0 N140-0 N111-1 N162-1 N226-0 N468-0 N363-0 N10-0 N246-0 N290-0
909	U54	11/11/2019 9:00:00 AM	N377 N351 N293 N21 N455 N261 N436 N469 N331 N67 N64 N421 N187 N2 N474 N41 N442 N81 N419	N80-0 N433-0 N111-0 N270-0 N82-0 N296-0 N336-0 N349-0 N351-0 N318-1 N188-0
910	U82	11/11/2019 9:00:00 AM	N213 N221 N290	N298-0 N42-0 N201-0 N368-0 N342-1 N5-0 N231-0 N318-0 N415-0 N50-0 N449-1 N498-0
911	U68	11/11/2019 9:00:00 AM	N168 N252 N233 N418 N372 N475 N20 N250 N434 N51 N261 N248	N4-0 N93-0 N411-0 N276-0 N499-0 N11-0 N338-0 N456-0 N484-1 N163-1 N336-0
912	U90	11/11/2019 9:00:00 AM	N108	N249-0 N66-0 N5-0 N416-0 N287-0 N141-0 N63-0 N223-0 N170-0 N202-1 N401-0
913	U46	11/11/2019 9:00:00 AM	N292	N95-0 N177-0 N390-0 N197-0 N303-0
914	U22	11/11/2019 9:00:00 AM	N339 N173 N331 N445 N341 N78 N335 N322 N436 N421	N210-0 N304-0 N364-0 N282-0 N193-1
915	U96	11/11/2019 9:00:00 AM	N170 N143	N11-1 N240-0 N441-0 N39-0 N201-1 N104-0 N149-0
916	U23	11/11/2019 9:00:00 AM	N64 N345 N246 N12 N303 N118 N222 N408 N302 N7 N197 N147 N55 N144 N256 N45	N440-0 N309-0 N426-1 N32-0 N365-0 N209-1 N161-0 N413-0
917	U21	11/11/2019 9:00:00 AM		N151-0 N210-0 N339-0 N371-0 N45-0 N490-0 N194-0 N96-0 N369-0 N323-0 N52-0 N396-0 N395-0
918	U70	11/11/2019 9:00:00 AM	N468 N142 N108 N153 N79 N447 N279 N15 N101 N200 N130 N183	N388-0 N257-0 N408-0 N436-0 N473-0 N225-0 N285-0 N37-0
919	U93	11/11/2019 9:00:00 AM	N235 N280	N81-0 N317-0 N345-0 N103-0 N207-0 N219-0 N454-1 N435-0 N115-0
920	U38	11/11/2019 9:00:00 AM	N1 N102 N374 N366 N457 N148 N153 N122 N398 N309 N58	N94-0 N448-0 N116-0 N218-1 N279-1
921	U50	11/11/2019 9:00:00 AM	N58 N151 N219 N435 N17 N112 N478 N54 N279 N43 N103 N11 N57 N468 N40 N180 N98 N297	N73-0 N62-0 N219-1 N371-0 N411-0 N221-0 N473-0 N231-0 N148-0 N387-0 N3-0 N98-1 N482-0
922	U88	11/11/2019 9:00:00 AM	N499 N347 N160 N187 N320 N491 N34 N489 N188 N433 N446 N236	N63-0 N380-0 N40-0 N142-0 N55-0 N419-0 N448-0 N164-0 N108-0 N248-0 N200-1 N185-0 N5-0 N187-0
923	U59	11/11/2019 9:00:00 AM	N420 N9 N229 N387 N162 N260 N288	N309-0 N186-0 N279-0 N298-0 N274-0 N276-0 N410-0 N338-1 N203-0 N217-0 N451-0 N16-1 N268-1
924	U47	11/11/2019 9:00:00 AM	N161 N39 N424 N29 N106 N335 N57 N192 N327 N43 N339 N78 N377 N94 N197	N452-0 N103-0 N297-0 N72-0 N441-0 N127-0 N164-0 N254-0 N12-0 N212-0 N436-0 N156-0 N447-0
925	U80	11/11/2019 9:00:00 AM	N233 N286 N344 N245 N445 N134 N420 N399 N162 N168 N299 N201 N243	N231-0 N333-0 N163-1 N116-0 N37-0 N292-0
926	U76	11/11/2019 9:00:00 AM	N446 N200 N388 N210 N349 N457 N335 N78 N377 N137 N252 N138 N417 N70 N370 N482 N157 N39	N85-0 N396-0 N468-0 N283-0 N97-0
927	U24	11/11/2019 9:00:00 AM	N58 N24 N205 N65 N468 N483 N299 N275 N1 N204 N475 N394 N154 N416 N40 N435 N98 N130	N292-0 N140-0 N154-1 N436-0 N417-0 N206-1 N356-0 N472-0
928	U20	11/11/2019 9:00:00 AM	N308 N398 N170 N445 N380 N462 N324 N326	N47-0 N44-1 N388-0 N276-0 N400-0 N277-0
929	U38	11/11/2019 9:00:00 AM	N17 N239 N71 N339 N115 N4 N264 N238 N387 N199 N454	N139-0 N103-1 N21-0 N358-0 N438-0 N452-0 N359-0 N320-0 N189-0 N76-0 N72-0 N394-1 N304-0 N296-0
930	U34	11/11/2019 9:00:00 AM	N482 N14 N155 N26 N436 N189 N43 N469 N67 N361 N118 N350 N293 N64 N78	N413-0 N283-0 N239-0 N278-0 N10-0
931	U93	11/11/2019 9:00:00 AM	N389 N160 N220 N412 N68 N481 N125 N472 N151 N84 N440	N283-1 N459-1 N280-0 N11-0 N153-0 N8-0 N189-0 N203-0 N235-1
932	U82	11/11/2019 9:00:00 AM	N433 N192	N5-0 N479-0 N367-0 N485-0 N351-0 N473-0 N308-0 N397-0 N75-0
933	U99	11/11/2019 9:00:00 AM	N216	N98-0 N473-0 N94-0 N93-0 N356-0 N327-0
934	U3	11/11/2019 9:00:00 AM		N379-1 N420-0 N359-0 N213-0 N347-0
935	U75	11/11/2019 9:00:00 AM	N477 N352 N109 N19 N397	N109-0 N77-0 N446-0 N72-0 N148-0 N447-0 N474-0 N118-0 N393-0
936	U18	11/11/2019 9:00:00 AM	N269 N75 N389 N428 N240 N348 N210 N76 N85 N44 N427 N18 N483 N496 N338 N113 N65 N86	N477-1 N222-0 N292-1 N311-0 N309-0 N491-0 N46-0 N249-0 N403-0 N378-0 N198-0 N93-0 N295-1
937	U7	11/11/2019 9:00:00 AM	N384 N192 N377 N234 N464 N373 N243 N492 N418	N480-0 N424-1 N149-0 N103-0 N328-0 N242-0
938	U95	11/11/2019 9:00:00 AM	N106 N331 N187 N146 N421 N332 N343 N475 N261 N78 N474 N424 N342 N293 N317 N443 N28 N138	N256-0 N187-0 N484-0 N433-0 N395-0 N269-0 N72-0 N376-0 N268-0 N394-0
939	U35	11/11/2019 9:00:00 AM	N176 N425 N326 N140 N479 N340 N71	N240-0 N367-0 N271-0 N406-1 N15-0 N316-0 N145-1 N104-0 N56-0 N325-0 N298-1
940	U92	11/11/2019 9:00:00 AM	N69 N298 N37 N257 N432 N131 N480 N316 N163	N239-0 N300-1 N374-0 N354-1 N172-0 N248-0 N254-0 N473-0
941	U23	11/11/2019 9:00:00 AM	N102 N206 N497 N488 N404 N284 N301 N184 N158 N214	N399-0 N57-0 N128-0 N428-0 N258-0 N403-0 N66-0 N168-0 N92-0 N64-0 N272-1 N161-0 N241-0
942	U47	11/11/2019 9:00:00 AM	N112 N445 N197 N469 N164 N91 N138 N448 N261 N161	N357-1 N482-0 N46-0 N420-0 N251-0 N222-0 N490-0 N345-0 N81-0 N52-0 N372-0
943	U44	11/11/2019 9:00:00 AM	N172 N448 N228 N357 N399 N250 N294 N162 N372 N291 N137 N366 N77 N341	N469-0 N160-0 N424-0 N311-0 N32-0 N324-0 N55-0 N61-0 N422-0 N321-0 N328-0 N454-0
944	U63	11/11/2019 9:00:00 AM	N449 N63 N97 N254 N88 N397 N441 N306	N461-0 N78-0 N456-0 N104-0 N162-1
945	U14	11/11/2019 9:00:00 AM	N386 N254 N422 N19 N86 N63 N486 N175 N29 N240 N164 N179 N341 N113 N75	N216-0 N33-0 N420-0 N168-0 N290-0 N243-0 N244-1 N348-0 N130-0 N42-0
946	U93	11/11/2019 9:00:00 AM	N20 N235 N499	N26-0 N418-0 N361-0 N70-0 N490-0 N32-0 N89-0 N464-0 N470-0 N238-0 N33-0
947	U85	11/11/2019 9:00:00 AM	N427 N33 N228	N138-0 N359-0 N289-1 N467-0 N381-0 N346-1 N379-0 N391-0 N113-1 N235-0 N382-0 N176-0 N39-0 N163-0
948	U41	11/11/2019 9:00:00 AM	N370	N211-0 N327-0 N299-0 N10-0 N251-0 N196-0 N124-0
949	U65	11/11/2019 9:00:00 AM	N392 N272 N385 N22	N454-0 N320-0 N221-0 N264-0 N115-0 N178-0 N443-0 N74-0 N35-0
950	U1	11/11/2019 9:00:00 AM	N198 N149 N391 N409 N90 N63 N498 N170 N167 N439 N136 N166 N154 N403	N358-0 N436-0 N230-0 N409-0 N150-0 N128-0 N444-0 N261-0
951	U14	11/11/2019 9:00:00 AM	N117	N197-0 N122-0 N227-0 N35-0 N208-0 N16-0 N48-0 N280-0 N491-0 N373-0 N404-0 N218-0
952	U52	11/11/2019 9:00:00 AM	N374 N477	N320-0 N98-0 N404-0 N455-0 N129-0 N289-0 N395-0 N140-0 N114-0 N411-0 N135-0 N188-0
953	U96	11/11/2019 9:00:00 AM	N347 N451 N232 N34 N188 N433 N354 N164 N220 N472 N84 N465 N129 N28 N173 N481 N459 N235	N148-1 N483-0 N318-0 N194-0 N377-0 N32-0 N401-0 N176-0 N256-0 N88-0 N342-0 N329-0 N457-0 N367-0
954	U68	11/11/2019 9:00:00 AM	N243 N169 N453 N412 N260 N325 N134 N281 N216 N215 N382 N493 N250	N259-0 N255-0 N493-0 N85-0 N125-0 N30-0
955	U35	11/11/2019 9:00:00 AM	N136 N434 N225	N56-0 N27-0 N224-0 N4-0 N371-1 N441-0 N94-0 N116-0
956	U3	11/11/2019 9:00:00 AM	N379 N323	N246-0 N270-0 N217-0 N307-0 N262-0 N293-0 N491-1
957	U93	11/11/2019 9:00:00 AM	N465 N347 N499 N491 N48 N125 N102 N232 N34 N343 N119 N244 N489 N235 N143	N172-1 N6-0 N59-0 N186-0 N148-0 N112-1 N338-0 N405-1 N417-1 N252-0 N69-0 N339-0 N382-0 N349-0
958	U46	11/11/2019 9:00:00 AM	N249 N258 N156 N273 N324 N237 N133 N344 N139 N107 N491 N462 N73 N8 N140 N198 N211 N71	N172-0 N294-0 N49-0 N324-0 N32-0 N222-0 N206-0 N113-0 N422-0
959	U38	11/11/2019 9:00:00 AM	N101 N199 N253 N304 N468 N215 N154 N1 N415 N352 N369 N137 N104 N393 N279 N72	N289-0 N376-0 N431-0 N217-0 N107-0 N162-0 N294-0
960	U17	11/11/2019 9:00:00 AM	N240 N430 N171 N319 N366 N19 N88 N269 N342 N208 N146 N477 N23 N338 N274 N93 N180	N335-0 N310-0 N489-0 N130-0 N491-0 N388-0 N16-0 N416-0 N106-0 N477-0
961	U72	11/11/2019 9:00:00 AM	N135 N271 N81 N323 N112 N287 N197	N442-0 N462-0 N266-0 N296-0 N208-0 N87-0 N26-0 N179-0 N321-0 N393-0 N334-0 N288-0
962	U27	11/11/2019 9:00:00 AM	N156 N409 N101 N231 N373 N0	N293-0 N490-0 N458-0 N387-0 N325-1 N185-0 N431-0
963	U33	11/11/2019 9:00:00 AM	N121 N409 N455 N440 N235 N236 N347 N272 N423	N177-0 N22-0 N216-0 N392-0 N399-0 N448-0
964	U63	11/11/2019 9:00:00 AM	N82 N123 N411 N302 N486 N496 N68	N359-0 N421-0 N248-0 N62-0 N451-0 N22-0 N307-0 N378-0 N497-0 N202-1 N320-0 N389-0 N82-0
965	U87	11/11/2019 9:00:00 AM	N496 N302 N217 N98	N280-0 N71-0 N353-0 N302-0 N51-0 N103-0 N15-0 N373-0 N155-0
966	U14	11/11/2019 9:00:00 AM	N18 N97 N20 N427 N82 N274 N479 N24 N179 N23 N53 N60 N159	N461-0 N69-0 N316-0 N408-0 N144-0 N240-0 N214-0 N241-0 N115-0 N312-0 N342-1 N308-0
967	U75	11/11/2019 9:00:00 AM	N113 N338 N82 N487 N427 N171 N76 N195 N479	N469-0 N389-0 N191-0 N166-0 N100-0 N377-0 N450-0 N307-0 N47-0 N228-1 N352-0 N240-0 N362-0 N159-0
968	U22	11/11/2019 9:00:00 AM	N134 N276 N293 N42 N466 N285 N461 N189 N14 N43 N155 N410	N158-0 N48-0 N157-0 N67-0 N95-0 N193-0
969	U52	11/11/2019 9:00:00 AM	N24 N65 N299 N212 N3 N17 N177 N431 N457 N32 N104	N454-1 N162-0 N87-0 N74-0 N366-0 N268-0 N346-0 N86-0
970	U35	11/11/2019 9:00:00 AM	N326 N435 N359 N460 N8	N256-0 N237-1 N415-0 N155-0 N268-0 N457-0 N49-0 N221-0 N390-0 N144-0
971	U50	11/11/2019 9:00:00 AM	N425 N4 N478 N145 N122 N480 N57 N255 N51	N398-0 N259-0 N212-1 N47-0 N206-0 N158-0 N132-1 N84-0 N338-0 N299-1 N251-0 N159-0 N381-0 N27-0
972	U83	11/11/2019 9:00:00 AM	N88 N324 N326 N353 N289 N111 N90 N209 N176 N140 N178 N170 N225 N368 N38 N336 N32 N6 N297	N299-0 N316-0 N285-0 N419-0 N403-1 N481-0 N212-0 N115-0 N280-0
973	U90	11/11/2019 9:00:00 AM	N453 N344 N119 N448	N18-0 N217-0 N19-0 N279-0 N45-0 N241-0 N96-0 N379-1 N190-0
974	U98	11/11/2019 9:00:00 AM	N158 N100 N413 N224 N493 N47 N350 N418 N453 N117 N475 N382	N93-0 N208-0 N168-1 N455-0 N5-0 N28-0 N21-0 N403-0 N478-0 N366-0 N490-0 N282-0 N298-0 N496-0
975	U72	11/11/2019 9:00:00 AM	N343 N150 N2 N118 N224 N443 N447	N258-0 N390-0 N309-1 N306-0 N204-0 N186-0 N5-0
976	U64	11/11/2019 9:00:00 AM	N25 N486 N226 N319 N204 N269 N44 N75 N488 N350 N282 N294 N422	N484-0 N251-0 N293-0 N104-0 N474-0 N472-0 N444-0 N30-0 N108-0 N366-0 N241-0 N402-0 N57-0
977	U92	11/11/2019 9:00:00 AM	N372	N259-0 N227-0 N372-0 N222-0 N18-0 N492-0 N236-0 N151-0 N269-0 N112-0 N345-0 N405-0
978	U80	11/11/2019 9:00:00 AM	N384 N450 N482 N233 N167 N341 N193 N243 N402 N493 N250 N434 N387 N288 N120 N325 N228 N121 N492	N29-0 N93-0 N98-0 N135-0 N172-0 N476-0 N325-0
979	U67	11/11/2019 9:00:00 AM	N419 N304 N221 N213	N111-0 N149-0 N468-0 N390-0 N256-0 N456-0
980	U29	11/11/2019 9:00:00 AM		N457-1 N309-0 N276-0 N344-0 N177-0 N360-0 N310-0 N323-0 N401-0
981	U17	11/11/2019 9:00:00 AM		N262-0 N150-0 N452-1 N378-0 N163-0 N327-0 N487-0 N346-0
982	U25	11/11/2019 9:00:00 AM	N363 N181 N196 N368 N313 N431 N375 N333 N192 N65 N422 N406 N15	N493-0 N207-0 N212-0 N183-0 N164-0 N6-0 N228-0 N157-0
983	U97	11/11/2019 9:00:00 AM	N90 N228 N231 N387 N398 N73 N84 N107 N423 N495 N490 N6 N297 N223 N167 N145 N370	N244-0 N169-0 N304-0 N464-0 N65-0 N310-0 N28-0 N187-0
984	U88	11/11/2019 9:00:00 AM	N371 N358 N236 N392 N465 N499 N379 N125 N276	N292-0 N313-0 N379-1 N281-0 N264-0
985	U25	11/11/2019 9:00:00 AM	N326 N89 N452 N47 N451 N334 N232 N192 N271 N84 N375 N368 N304 N411	N73-0 N294-0 N370-0 N443-1 N247-0 N202-0 N274-0 N477-1 N235-0 N414-0 N244-0 N206-0
986	U36	11/11/2019 9:00:00 AM	N308 N15 N186 N87 N416 N189 N431 N8	N229-0 N219-0 N249-0 N269-0 N128-1 N37-0 N282-0 N101-0 N433-1 N174-1 N470-0
987	U52	11/11/2019 9:00:00 AM	N39 N437 N203 N38	N8-0 N13-0 N308-0 N386-0 N310-0 N201-0
988	U9	11/11/2019 9:00:00 AM	N213 N181 N61 N275 N271 N219	N67-0 N166-0 N323-0 N453-1 N96-0 N85-0 N373-0 N18-0 N459-0 N305-1 N77-0 N137-0
989	U6	11/11/2019 9:00:00 AM	N444 N83 N158 N433	N135-0 N487-0 N412-0 N303-0 N415-0 N283-0 N358-0 N54-0 N491-0 N476-1 N376-0 N39-0 N308-0
990	U53	11/11/2019 9:00:00 AM		N58-0 N170-1 N341-0 N412-0 N22-0 N480-1 N40-0 N288-0 N497-1
991	U74	11/11/2019 9:00:00 AM	N231 N108 N6 N136 N353 N73 N289 N340 N107 N8 N124 N241 N0 N208 N210 N277 N152 N89 N90	N478-0 N66-0 N352-0 N314-0 N161-0 N405-0 N213-0 N372-1 N334-0 N83-0 N135-0 N427-0 N461-1 N244-0
992	U97	11/11/2019 9:00:00 AM	N150 N490 N297 N241 N376	N297-1 N330-0 N245-0 N221-0 N64-0 N135-0 N30-0 N425-0 N53-0 N188-0 N56-0
993	U50	11/11/2019 9:00:00 AM	N4 N300 N94 N483 N437	N205-1 N152-1 N322-0 N281-0 N207-1 N210-0 N60-0 N61-0 N13-0 N228-0
994	U83	11/11/2019 9:00:00 AM	N336 N288 N460 N225 N215 N380	N391-0 N43-0 N297-1 N42-0 N361-0 N384-1 N350-0 N96-0 N453-0 N35-0
995	U2	11/11/2019 9:00:00 AM	N0 N14 N487 N455 N420 N160 N143 N262 N68 N392 N39	N392-0 N216-1 N396-0 N479-0 N319-0 N4-0 N406-0 N106-0 N332-0 N70-0
996	U46	11/11/2019 9:00:00 AM	N359 N60 N490 N409 N390	N499-0 N329-0 N415-0 N455-0 N472-0 N406-0 N309-1 N91-0 N342-1 N77-0
997	U93	11/11/2019 9:00:00 AM	N276 N378 N412 N35 N34 N232 N151 N392 N48 N160 N491 N431	N309-0 N137-0 N241-0 N163-0 N389-0 N138-1 N440-0 N337-0 N36-0 N183-0 N44-1 N434-0 N457-0
998	U22	11/11/2019 9:00:00 AM	N406 N417	N233-0 N283-0 N105-0 N210-1 N117-0 N100-0 N128-0 N493-0 N455-1
999	U29	11/11/2019 9:00:00 AM	N151 N122 N57 N457 N415 N425 N61 N497 N268 N207 N98 N34 N103 N71 N3 N366	N367-0 N1-1 N63-0 N228-0 N35-0 N476-0 N230-0 N362-0 N385-0
